0;qexsnt;
1;BanskaBystrica;
2;Zvolen;
3;Bratislava;
4;Lucenec;
5;Brezno;
6;Zilina;
7;Blava;
8;Zilinka;
9;Presov;
10;Trnava;
11;Sered;
12;Nitra;
13;udmjpx;
14;cgdvvn;
15;obghcp;
16;vxbmvf;
17;boqbgz;
18;epugif;
19;yfcrbb;
20;wjrrev;
21;zakeds;
22;ynatbe;
23;flfhjw;
24;ddugtc;
25;qkqcty;
26;hijias;
27;dnpjad;
28;gwzxyb;
29;wdtnoc;
30;pkowwx;
31;cozvtd;
32;kvjqvh;
33;tdcjni;
34;uodiqh;
35;wrxeto;
36;frscmu;
37;epwirj;
38;ecxpjd;
39;xzsvxw;
40;jxwpib;
41;xombvf;
42;gcvdah;
43;nuxkyq;
44;bjydzi;
45;cetbop;
46;hgwtwt;
47;nkwrxe;
48;cjypdl;
49;jbbdez;
50;btbuhg;
51;qvilwg;
52;fmuwco;
53;qxpqih;
54;msoevy;
55;uvvmsd;
56;ctuowi;
57;ehbdnk;
58;nenjgd;
59;bxjyqp;
60;qozvwq;
61;hmcrtz;
62;rumzzj;
63;utrgog;
64;asnsra;
65;vvguhh;
66;cbxxsl;
67;ozesju;
68;zerxmj;
69;dvicva;
70;bldjuj;
71;bxzzgj;
72;dmbday;
73;yzppew;
74;wyvine;
75;svikra;
76;hrkvzg;
77;gbpdxn;
78;tjinyp;
79;pxqbie;
80;iiwqoz;
81;lioeds;
82;sjswpb;
83;fxswol;
84;xgfmzc;
85;nklptx;
86;kxrliu;
87;sakwol;
88;ucpmzb;
89;fdefyr;
90;umwhit;
91;sdfxcb;
92;fauiih;
93;dtbevy;
94;zdgxdw;
95;bihxdo;
96;vjmtsn;
97;treisa;
98;kgfixf;
99;vaakog;
100;iszsnr;
101;arezxi;
102;lzdiht;
103;dqxbgk;
104;dnobkr;
105;norcwt;
106;daotzx;
107;lmvzvu;
108;gdoxio;
109;ejbkbk;
110;lchshe;
111;cnstbf;
112;ykapxy;
113;iwlmpc;
114;sneuzt;
115;kqjncw;
116;rtihsg;
117;tswxha;
118;jmdoqb;
119;lwoymp;
120;ukwyxb;
121;erwbbr;
122;nemfww;
123;ztcuyu;
124;udfdvj;
125;euqhsl;
126;xzqsad;
127;jurlah;
128;nspxhh;
129;nelitr;
130;rgwyld;
131;ghcxnh;
132;ccehkb;
133;hjgprh;
134;gxaopg;
135;scplvn;
136;ooanfr;
137;semdtp;
138;xcctyb;
139;dplovp;
140;maudje;
141;odehom;
142;tciykf;
143;gzphmv;
144;oftfwu;
145;vficjc;
146;mumdil;
147;axjotl;
148;bcjars;
149;jslndf;
150;uxrwuq;
151;gducup;
152;xyicpa;
153;cwpckl;
154;wgwhcn;
155;tbskev;
156;jdzawn;
157;hjxopi;
158;yxcvxd;
159;xkhesc;
160;khucxi;
161;atxyxr;
162;eopisr;
163;tckqsj;
164;wiucnq;
165;dqeqjk;
166;kvibck;
167;afzcpn;
168;avmfrq;
169;ujundw;
170;nhosoo;
171;xyzsrx;
172;zguneu;
173;egwnxn;
174;hdjbzg;
175;glmdum;
176;tafelz;
177;usolea;
178;byreyu;
179;apfqdj;
180;ofwvqc;
181;fcuret;
182;jmgxoq;
183;gelwmv;
184;jxtvda;
185;rrehzl;
186;jwxhws;
187;fooehd;
188;bzdyzv;
189;snprbj;
190;vvbvdn;
191;rmuees;
192;mzfszo;
193;ujidzi;
194;lgdcjr;
195;tysxva;
196;kozfmb;
197;ajravi;
198;frrlmq;
199;mllsdz;
200;xmfrpr;
201;kddteh;
202;hzqjjy;
203;xymjew;
204;kfkpor;
205;ixyxdc;
206;ypxapm;
207;uibgcc;
208;hxzldk;
209;fxgpmy;
210;zzcedu;
211;cptuiu;
212;swtqgl;
213;fvqfzx;
214;dsgvrh;
215;beakml;
216;nvbnqi;
217;uqgeef;
218;eqnkkz;
219;lqokqx;
220;bmqkip;
221;wyolpl;
222;sidpas;
223;hbbfbt;
224;tzziry;
225;hybjeo;
226;hdclrb;
227;shuwlc;
228;jzycqn;
229;euwlna;
230;vovjrv;
231;rdwyky;
232;scckqp;
233;omhelo;
234;yiuntb;
235;rvomsi;
236;bzouda;
237;gguzdm;
238;zmhyiw;
239;cnheix;
240;cjjymy;
241;iydvit;
242;tuxwlt;
243;ggdzbj;
244;tyyuei;
245;soyjpv;
246;nuuamj;
247;vvzvln;
248;aiuujw;
249;vcxlip;
250;qrgkvi;
251;njedkn;
252;espdme;
253;vxqmzk;
254;gwsyoe;
255;qvcayb;
256;kcfiht;
257;ekfion;
258;lkclcc;
259;bpunct;
260;zqkkiv;
261;pmumhy;
262;hhyrky;
263;xxbthy;
264;ayflyv;
265;yqwyee;
266;umylvb;
267;qzqlvw;
268;joghpy;
269;jtknhs;
270;crqkbc;
271;yxbkho;
272;bqqkya;
273;qmbydl;
274;oygkjx;
275;eonarq;
276;chrloo;
277;hhbmhz;
278;rscrny;
279;yxqloq;
280;jxhprd;
281;haiyoa;
282;enzcfy;
283;mqovnt;
284;coycxz;
285;mrmyxb;
286;zobxdo;
287;ymjjxj;
288;geksjt;
289;infeoz;
290;dxcmsl;
291;uwvxwt;
292;phcsji;
293;cebzug;
294;dktrgx;
295;zcxcsw;
296;sxqzsa;
297;tgmbod;
298;ugughd;
299;iwsvaz;
300;zhpdkv;
301;tkfqzw;
302;egrhfm;
303;zirafg;
304;mzgdyw;
305;yiezbn;
306;bdqunp;
307;pttkrm;
308;tyhnkr;
309;phullu;
310;cbsfbq;
311;tcdlvs;
312;houbwg;
313;rkzrha;
314;iwaofs;
315;mhbyvw;
316;jgmfjf;
317;ouptbw;
318;bkbeuo;
319;kzmwtn;
320;apljrg;
321;yczglh;
322;vftqty;
323;mgkcon;
324;ujqjne;
325;tqvpsn;
326;zyfifb;
327;ifktmu;
328;rebvbk;
329;gnvmyz;
330;tgbqdk;
331;mifriy;
332;nlbnjm;
333;wuevag;
334;pbohlr;
335;shcmbn;
336;rqggxi;
337;lpobvg;
338;aelubi;
339;mgltfe;
340;windsx;
341;jdaskv;
342;ttmuss;
343;uxdcta;
344;jeybsp;
345;gpwutx;
346;hbvjkl;
347;cfwhlt;
348;gkwcgi;
349;yqjmnn;
350;doxknv;
351;vwwbrp;
352;sraeis;
353;cxzual;
354;ihtfxe;
355;xuzsiv;
356;dorgzt;
357;jioixp;
358;muwpzv;
359;ztibfk;
360;hacxmr;
361;qqcqbp;
362;wcwcve;
363;iibhuc;
364;pblugm;
365;mywxyp;
366;pkrlbx;
367;qjezkd;
368;ltzkyw;
369;fdkjhm;
370;cryjtf;
371;sggjts;
372;ivrgpx;
373;ithjlx;
374;gbxiiy;
375;tilzno;
376;kiiavy;
377;dnwmev;
378;krlmwf;
379;lqykna;
380;uihsjl;
381;tdpien;
382;tkcidm;
383;vbfykk;
384;ndygmo;
385;wbmthd;
386;jcgfyn;
387;xwgnvf;
388;sqtufe;
389;nzugio;
390;ufmxez;
391;uezlun;
392;ogfiog;
393;hyzxzy;
394;uqnuhi;
395;ppjvsf;
396;libeqc;
397;yxaare;
398;iflxtr;
399;bthliq;
400;inpkcm;
401;yrsppx;
402;djeold;
403;cyelvo;
404;ruzsxd;
405;nulhia;
406;uxcbho;
407;gljmzq;
408;roupwa;
409;khusyf;
410;tktjpl;
411;gsuczj;
412;oiyhrd;
413;koncet;
414;hydbrs;
415;rqoayb;
416;rxksik;
417;ntmblj;
418;wnyljv;
419;fnwpfg;
420;clnngd;
421;bbsrgg;
422;edpngp;
423;sgmqjy;
424;emghmx;
425;atlrvo;
426;yqurgy;
427;mzumde;
428;sorcdt;
429;azspso;
430;gdadmm;
431;bhpggm;
432;qirdbc;
433;ciluqb;
434;ggvuqa;
435;yucgsc;
436;qglulk;
437;jddojt;
438;pnvmfu;
439;cayqjb;
440;dqatcq;
441;ecbqzc;
442;lyvfbq;
443;jzljtz;
444;zqqzsj;
445;yeqrnu;
446;vmhxxe;
447;surmbe;
448;igzehk;
449;rpespo;
450;iwxdap;
451;tnfpuu;
452;lzlxtn;
453;bwqhld;
454;gvtsyy;
455;lfnzag;
456;ynzxbr;
457;etvqbs;
458;jsqbkd;
459;hnhacz;
460;loudtu;
461;ofxokf;
462;qruxag;
463;fzenpo;
464;echbjl;
465;hrfrqd;
466;efcnhh;
467;ogmpnf;
468;pbkohs;
469;rulbun;
470;cnaqme;
471;waesjh;
472;yeqngt;
473;sfzyni;
474;dlakgj;
475;norsdv;
476;vgszqa;
477;ngblix;
478;bjjenu;
479;ryrkso;
480;hzubnx;
481;clvimd;
482;hlsjij;
483;mvukve;
484;xjrpou;
485;runttw;
486;znalbu;
487;aabpno;
488;bvogzc;
489;nnnudx;
490;ttvzsc;
491;oerpcg;
492;yclkcu;
493;igyvyd;
494;jddnif;
495;fcmkzb;
496;wprtsv;
497;cpuird;
498;moafxo;
499;dwlihf;
500;egxygl;
501;tklvjf;
502;zwvdwn;
503;etipmk;
504;femyge;
505;oetkud;
506;nkkskz;
507;ypqzsh;
508;mgdiez;
509;uliwuu;
510;atxzvf;
511;fpyfwi;
512;orcxfk;
513;qpgugf;
514;cjxnju;
515;sazvmc;
516;joninj;
517;oaltar;
518;tcfctg;
519;ketecw;
520;eyahtm;
521;rifwtr;
522;wttgqh;
523;dzxxad;
524;soilvi;
525;rongoh;
526;dcusfy;
527;rfkdmq;
528;hvxfgk;
529;xovfmx;
530;oztnph;
531;dtsuca;
532;wtacjq;
533;psejmr;
534;ufqccx;
535;fnippz;
536;ditxkv;
537;bnhoth;
538;btspsw;
539;gtfbft;
540;qwpflc;
541;skoajl;
542;worazv;
543;bhctrc;
544;kzsicx;
545;sqejei;
546;rjzmhi;
547;yljzof;
548;brcqba;
549;vzankk;
550;fnylxn;
551;jtcgzm;
552;evzuvy;
553;ukovzs;
554;ouwgbr;
555;kdyqyr;
556;cwyqko;
557;iyyocc;
558;sjkdme;
559;fqvfls;
560;odzegv;
561;jpaizw;
562;gsbjti;
563;vcuoxt;
564;rydouo;
565;szqkha;
566;yznzif;
567;hqbouh;
568;kplxtx;
569;onenmg;
570;psgkbu;
571;zjuqxx;
572;xastgs;
573;bjkkup;
574;dafryp;
575;kgjopo;
576;wzynyo;
577;kauwdb;
578;cjdhgb;
579;wgefex;
580;tmzxgc;
581;vlyidm;
582;ydvdgs;
583;qbpnje;
584;gykuae;
585;aaagkp;
586;pidtab;
587;bcvpzx;
588;zrskoo;
589;xogtaz;
590;dqzyiq;
591;eltsvq;
592;lufmgq;
593;hjyjxy;
594;llzswp;
595;hjvuvc;
596;ctzkpo;
597;loltsz;
598;ecmoku;
599;pohwtl;
600;bqfthg;
601;syrcth;
602;iduwfx;
603;masxsg;
604;qfxqhq;
605;dgspcv;
606;kulkny;
607;qfyhxf;
608;kdlzcn;
609;qnpghc;
610;bgykey;
611;wofqxq;
612;gxbezm;
613;vglgvn;
614;pzeomi;
615;zcqeva;
616;qcusyd;
617;bojduc;
618;njhfwc;
619;qkeyed;
620;baqynx;
621;baderv;
622;zybuwb;
623;eeuscj;
624;pkmtxq;
625;zqxtrt;
626;cnqjkz;
627;lmgilx;
628;ibwegx;
629;gwltvz;
630;dzjxji;
631;uodvyf;
632;vsymil;
633;eonexh;
634;ombnsy;
635;fzxmoo;
636;fhlcgn;
637;knulvc;
638;jaucpw;
639;snoozx;
640;srwbaa;
641;ozwiph;
642;ryhqay;
643;naydft;
644;ugfyru;
645;liwjuv;
646;tzywan;
647;wulqjm;
648;vxerxo;
649;bexsor;
650;mfsmdq;
651;hdlect;
652;trhfsg;
653;dmtisy;
654;vcyjwr;
655;bjclik;
656;vqewpk;
657;oapsdm;
658;bgmklw;
659;crfgse;
660;kfsumx;
661;nhgopa;
662;oxuibo;
663;gabffy;
664;sceket;
665;fvamnb;
666;nnmlli;
667;nowbey;
668;jytqxh;
669;pnccxe;
670;blloap;
671;rhdmzq;
672;oychyi;
673;pzychu;
674;txfhro;
675;syunnd;
676;gkkien;
677;mzeono;
678;wfxpea;
679;hkvkfi;
680;eftexq;
681;kiztqw;
682;apwepx;
683;idvmik;
684;eongdn;
685;uvehjp;
686;dfxbmu;
687;qtubgs;
688;klqdar;
689;wtqrff;
690;xivucw;
691;kydzos;
692;flvvwe;
693;mfpxbd;
694;trnsme;
695;zdjpsy;
696;mgvhua;
697;ymubmh;
698;uxdfpv;
699;soaqkh;
700;oqjthz;
701;jeydei;
702;eudacp;
703;rrzgwm;
704;ctaiyk;
705;xiuksz;
706;bwflhn;
707;jyjakj;
708;zbislq;
709;lldwkn;
710;erstql;
711;hveptj;
712;zahvmr;
713;oxalbm;
714;oucxba;
715;qywkbs;
716;mjwlpu;
717;ebmfmh;
718;rpnrff;
719;ioogkk;
720;vjeeml;
721;acaobe;
722;mdenal;
723;bawctj;
724;gcwzhz;
725;xsygvd;
726;boojri;
727;fjqsex;
728;aljzad;
729;udjfov;
730;hcmeqb;
731;gjrimx;
732;djasxz;
733;yhpdkz;
734;hfelue;
735;hapaxw;
736;szuxvh;
737;hcnjdm;
738;rzqtdy;
739;mdsnbc;
740;hgpabk;
741;rihfoa;
742;fvlqjq;
743;syjxqm;
744;krltxy;
745;jbidyl;
746;fewyge;
747;wmomva;
748;qjlnln;
749;ktmsgl;
750;srfyvl;
751;aclyqz;
752;chfzgz;
753;ojvzwb;
754;bmvpuo;
755;owcegn;
756;ibyqpc;
757;gxtobm;
758;xanoxs;
759;slsprs;
760;apkenq;
761;togape;
762;beyvqq;
763;udwzrf;
764;nymnzv;
765;vctgsr;
766;mducyr;
767;wrwdgp;
768;vauqyt;
769;brotuk;
770;ryauku;
771;zuleuk;
772;gynkdm;
773;phvkon;
774;oxjnqz;
775;gorlpa;
776;qmtfuj;
777;ovpgab;
778;clvrmz;
779;qdksnl;
780;ztaizg;
781;kmoika;
782;pxkbut;
783;zqunur;
784;oqijea;
785;rgqwcl;
786;fqeghf;
787;tplvcu;
788;twjumj;
789;cvzorm;
790;tmngyq;
791;lpmsbg;
792;ptodjt;
793;ksvwxu;
794;onmuoj;
795;kiozhj;
796;xribyl;
797;epydkf;
798;kqplbi;
799;fuabsg;
800;forqoc;
801;rgnwke;
802;iwqlnb;
803;wjuuui;
804;jyenwa;
805;whlofo;
806;dfarpj;
807;hrxcqo;
808;tglmcu;
809;mguwfi;
810;anrlkv;
811;tdedwe;
812;jkblwm;
813;iwlygi;
814;avpggs;
815;agnhnv;
816;itpkip;
817;yfdxnj;
818;ymbnyg;
819;gzkopu;
820;hpbfqi;
821;tgzbsb;
822;jclezj;
823;mgzmjz;
824;jnbqzf;
825;bnaeei;
826;cxqwym;
827;tqggzo;
828;mgqymj;
829;lkjbvb;
830;rppngc;
831;hetldq;
832;uxnbgf;
833;qepine;
834;fewsnn;
835;glqcse;
836;ttjxqv;
837;tinqjt;
838;ooeefp;
839;ieckmg;
840;xgwjbe;
841;rxtuig;
842;jxomah;
843;vqbwln;
844;rqvdpv;
845;xmoahl;
846;wuzwcz;
847;xclhob;
848;zpxaht;
849;fwgkqy;
850;ocqunc;
851;xzwqxi;
852;fkufdj;
853;jfmhhj;
854;uuiajv;
855;ylqfqk;
856;xlxepw;
857;neidpo;
858;ehwxgu;
859;ldscma;
860;baiefq;
861;kusokr;
862;wlfrkp;
863;tkogqh;
864;ivcynb;
865;gypnuu;
866;ukhftk;
867;jrismm;
868;whbjvt;
869;azgfrp;
870;pmbpec;
871;owkhpy;
872;dckwab;
873;seungk;
874;ptjupx;
875;cpbjjs;
876;ueeils;
877;kmuuac;
878;lozfxo;
879;fgesfv;
880;rzjzjh;
881;jrglav;
882;iiomdy;
883;ixkkkl;
884;mhbauu;
885;znxdqt;
886;vktiuj;
887;cgjiap;
888;lobwtn;
889;ippixp;
890;hvwbdw;
891;hqcpiy;
892;wwwhbc;
893;keltxy;
894;ezbykl;
895;ztpcmy;
896;wezexd;
897;gxfzrw;
898;jecmaj;
899;gbzpez;
900;qpcotb;
901;ylwtve;
902;kaowug;
903;eeefvb;
904;izlqyj;
905;yihucp;
906;wrcdxr;
907;xszbfb;
908;kytyct;
909;xydrmt;
910;svwqlt;
911;hdafdd;
912;ndfetq;
913;hesfmf;
914;dxbour;
915;bjqhfu;
916;okceab;
917;xnwzue;
918;rlxghb;
919;eaqwqe;
920;ckmduw;
921;prbdsh;
922;iyyfzv;
923;qcrhyw;
924;iifvth;
925;obshgu;
926;sjrpdq;
927;cpfome;
928;jcoxno;
929;hcyokz;
930;imsiky;
931;tfgjlq;
932;vsscjm;
933;afkkrp;
934;cqcmez;
935;ncscwd;
936;kjaezu;
937;gdluie;
938;tfytrm;
939;vjwjmi;
940;pndygv;
941;oiwsef;
942;toonke;
943;hjyqvl;
944;krgoou;
945;rpgmul;
946;artxxi;
947;zfpwlb;
948;juaurj;
949;sjcdic;
950;paulsh;
951;elgjdb;
952;vyaumb;
953;zfkaqy;
954;vazffz;
955;ovoaij;
956;lqjgeu;
957;ekbfqz;
958;feoadd;
959;hslhfi;
960;wwdped;
961;bcfywg;
962;maranc;
963;bihybp;
964;oobhwn;
965;macyjf;
966;cqdxrq;
967;qnnbqf;
968;idqnej;
969;wpdtcl;
970;gdywvl;
971;ckmosp;
972;snovah;
973;orabcv;
974;almlwk;
975;ljvgke;
976;pkmgpw;
977;tkamip;
978;inmord;
979;asucsz;
980;rjzidp;
981;ckjoie;
982;vmfqla;
983;giqanr;
984;kjosji;
985;xabwjb;
986;ioyhuv;
987;zyoqof;
988;qrdpoj;
989;xkhotf;
990;kcffps;
991;subxkk;
992;glbygu;
993;wyaojp;
994;vkqmll;
995;bpuqgh;
996;dcjeaz;
997;srmgin;
998;yzboat;
999;ijefyu;
