0;qepnzq;tmedsq;
1;Strazovska;BB;
2;Kruhova;BL;
3;Okruzna;ZA;
4;Pancierova;KE;
5;Orechova;ML;
6;Abecedna;AC;
7;kpundx;phjhzy;
8;cytrbk;soztqm;
9;fhsnxp;uxmyga;
10;ywcakh;imwisw;
11;fqlvlp;gztubx;
12;erwdpl;goblkm;
13;vcahou;ezcenx;
14;zoyezb;vqlmut;
15;fabvdf;aqpyjk;
16;fsemxz;vcpgoz;
17;ebbhir;tcruyo;
18;dlaexr;umzglt;
19;dsagft;yjcigj;
20;bnrrxx;hhpkqz;
21;rsrwth;prpvyk;
22;obxmgc;venjja;
23;svudfw;cgstux;
24;dmzfez;icgrpg;
25;qlsgzo;tzceou;
26;gebeqc;conuip;
27;imscss;dxghzt;
28;mfesig;epcykv;
29;ybjqvp;rjruog;
30;icivko;tcnmqz;
31;cuatdr;jmefzw;
32;qpfagw;jzakgf;
33;theluq;ccxzjl;
34;tdkvca;qludrq;
35;evopnl;vbjbyh;
36;bqugtg;ytwfkm;
37;hoauff;pukhho;
38;nlprbv;horgjn;
39;kazcto;lpwvjf;
40;cfqghf;kycaqn;
41;mdruui;iisuff;
42;giioca;cbvxog;
43;jdvjqo;inawhj;
44;iyvull;mpxvds;
45;jzfnqv;zcugnk;
46;jvkhng;ykagpy;
47;xtfwnu;wuwxhb;
48;bwvpsf;qxaqck;
49;znorjh;kidvou;
50;hwlgcx;mtsqwl;
51;hdncph;xojafr;
52;cymttu;qukyxk;
53;yvfvzj;wkkldl;
54;zmpnpx;uwhvbj;
55;jmyctl;pxvglw;
56;gbzpxm;lczpfi;
57;wolqgi;wxjrvw;
58;vxkbnb;htrqum;
59;zpgvne;uvrybz;
60;jxhrlo;fnzqyt;
61;qikrqa;afelwi;
62;sjrcej;hydmdu;
63;ktddip;huqxni;
64;fjdqhw;wegkmb;
65;zlegon;ifcsmn;
66;qxoufv;conejz;
67;ogttch;godgfj;
68;drpbis;zhaffw;
69;saegol;vjeopc;
70;lwdnik;vsrsui;
71;clxjse;lzspwa;
72;npjhzz;jdeqai;
73;ytlywh;wskvcj;
74;ncqpjs;ewcdfv;
75;odlkia;xmuudy;
76;xikted;zolbnk;
77;zjxdyh;qmqnst;
78;hwoghj;ahyyte;
79;ynicdm;zlntqe;
80;zgoqem;ujtohi;
81;nrtcyz;rbgweu;
82;jxadcg;xxadsi;
83;mhgwuu;xsuhhl;
84;tyyetr;sfsmkl;
85;iazryo;jgkddd;
86;qvqedy;qhvevs;
87;ibjufn;wxagcu;
88;ktlsec;wvrfpi;
89;mgasvk;xrguzs;
90;uuopwb;invczc;
91;gbgjem;yzatxs;
92;kdmjbs;sqzrfj;
93;dhxtau;mrbtxz;
94;kjyjfy;hzbhlo;
95;wrjvuq;anuhho;
96;vyfgbl;rzkiwd;
97;rtwaxe;sfbjdw;
98;ruvcye;jbghue;
99;gahgia;hbrpks;
100;rgwgbv;haibxa;
101;ijajex;zzlaji;
102;gxvodg;okraut;
103;bsjemf;amcjrd;
104;knddza;fohbug;
105;eujjxh;hpkopp;
106;cxsaui;mjzusw;
107;bqffrx;dklaug;
108;jvnrby;pbcmko;
109;lkkyat;fgtblc;
110;whptod;pmmntx;
111;ersmha;bulgds;
112;yhglxy;sqokne;
113;vdqmbz;civsji;
114;fpbzwd;yhwwza;
115;jidtpf;qlswkh;
116;byokrp;bclhbb;
117;hkcazv;vlivxy;
118;hoepcf;pbqngf;
119;smcxqa;fqkwls;
120;mgxakj;jwezgk;
121;bzsijv;dwqqxn;
122;mdbfit;lkhvvp;
123;tzermd;ocrxyo;
124;lwwwbp;otfkho;
125;akfflj;bhviuj;
126;ubsepd;kfjucx;
127;bsgkrh;myqaan;
128;swpqbp;ivlfic;
129;lmrydr;xcgubv;
130;kzovcn;vulbmu;
131;waxitl;afqopr;
132;dvcmhr;pfcubw;
133;nitpah;qteznn;
134;izlutz;mjxity;
135;cnycce;uztyds;
136;avbzvs;puytab;
137;bmjegs;rvuede;
138;mbhjns;tjgzfu;
139;jwyggb;umflwl;
140;gfadhd;rixotl;
141;ytvybi;vzzohj;
142;tzrbjl;xylbuj;
143;dtwuhj;jitzpb;
144;zrpqfr;ajgqxu;
145;zirnwt;fuxntw;
146;ldjzbc;gdgenl;
147;vddjcv;nvadih;
148;cwramv;avbzwp;
149;bcwmoy;wntmeo;
150;syophg;obwmaa;
151;hqnnbs;pbrgse;
152;zhmcky;ymmyww;
153;yyplqk;fekjoo;
154;rrrdbc;kvzokt;
155;icdkkh;vtxahx;
156;tdcrvb;zizjbd;
157;rfazhh;qhifkl;
158;hekohv;uwfzll;
159;flshbp;vdcstn;
160;sfozbn;kssxkt;
161;xbvqzu;crgtvo;
162;dmgctz;bvwofq;
163;uqoxwi;jqsfto;
164;sprvuw;sferjq;
165;lrweiu;croiuc;
166;yxzjyx;rubxby;
167;papigd;hndfyk;
168;igjqgp;hkziao;
169;dhvlef;ttzdtr;
170;kvqtdh;nstiks;
171;rjjbpd;rhwdil;
172;dgufou;ksgcuk;
173;stndbc;qqcywb;
174;odlejh;tntdou;
175;ojqlok;qtmljc;
176;diogyl;onapbh;
177;nhuoip;jfoqgl;
178;ffmheo;eqodsg;
179;enklou;kutkan;
180;eagwjs;qbywlx;
181;djqpca;nxogoz;
182;kgxnjv;ceqswi;
183;iknyvr;xpzivw;
184;gwbmnu;obsxtf;
185;gvblgj;jcxiku;
186;lzgxvt;ahcime;
187;gheruc;dbbqjp;
188;wafthx;komivj;
189;njgtbi;uhllhi;
190;dzjkpk;aqiqfj;
191;spghrj;uisdpf;
192;sxjieo;vsgmcs;
193;lweqzw;axivaz;
194;wqdtoq;quckbh;
195;xoskjd;mpqecr;
196;uihbxr;cwzaqy;
197;anobak;fzdzue;
198;bjjipz;odefjr;
199;girygi;nrldxf;
200;imxkto;lwwdmr;
201;raqktk;pyheoh;
202;mrgjva;qgyand;
203;gmxxef;ihbvcw;
204;jvztur;rsskwl;
205;bohmuz;bqwkqo;
206;gwsvcb;fuwfku;
207;vpmwta;iocbwl;
208;cgaaeq;yehfpz;
209;ohdsti;okyxcz;
210;eodbao;hrpgpg;
211;goeurm;aqmchd;
212;cfvjfz;idxapg;
213;lbchcu;ovujyi;
214;znpimu;cgfnja;
215;osaafe;lwitil;
216;cmetnn;ssexce;
217;dkoxfu;gesgnw;
218;irehse;agusbd;
219;celtjk;lmmpci;
220;ovgsaa;dtxytl;
221;qrshkw;fwingb;
222;prdjzc;hfwcow;
223;ttxskf;freknk;
224;ygajyu;akwepu;
225;vpgicd;lmpkzz;
226;piyvnz;sfmmmi;
227;mrlier;aoeihf;
228;osbmwp;rapzhr;
229;fdvsky;nrftwi;
230;zgjbzk;cikidp;
231;kftlrm;ntrvcy;
232;pduccs;xwiwtg;
233;eicofu;fcaoqz;
234;xgwsyq;kwmbzl;
235;fyaugd;veloeq;
236;kyhabl;sypzyj;
237;kyhnff;ieynkn;
238;pxzryp;ftuhtp;
239;hlruqe;qtzwdy;
240;pkkxqr;lvabtf;
241;aruqqn;ycnehw;
242;mqdtkh;natwjl;
243;toezin;zklmjz;
244;wwshxg;surlsr;
245;wboask;qgjpct;
246;qmynmy;imsjjm;
247;ypgvem;nqkbyf;
248;foansd;quvvxc;
249;smodvl;jaoxxz;
250;mxjxzp;nzwycj;
251;dymvgp;jyjbdg;
252;xmxtsi;fpxrhs;
253;bvfaoz;pudquh;
254;keejid;vwiyvh;
255;qgkzoi;dzmpew;
256;tuhbkr;nvxnsv;
257;eidsje;odrktp;
258;tbukal;yaswln;
259;uowauq;bsncfe;
260;mdsosn;tvalfg;
261;mfphja;cgoroy;
262;hspqoj;oqhdye;
263;edyhjr;nqxbxd;
264;lckxwr;hiikqe;
265;ngmhfj;aajdrw;
266;sgqcno;jcddvu;
267;ycvxni;zlvlpl;
268;hksyjv;zcfwha;
269;kllaxk;bgjcuk;
270;vcjnte;btemso;
271;dxxcwk;deyloi;
272;uwxwqh;cszmiu;
273;mmbsbi;kpsoam;
274;swkgoj;kkdzoz;
275;yzcaxw;wsroqd;
276;sbmeia;ytypud;
277;soiwzd;giudxz;
278;zydses;dumhdd;
279;tajscq;odtlep;
280;ptxoky;qxfupp;
281;eqpdlk;nomdbm;
282;jrdyif;gqwnfi;
283;oajrww;qqxxaa;
284;ethpey;yerzbv;
285;oehhwo;glrxmq;
286;qqkqjl;fecjsg;
287;obmaiw;umolzd;
288;gyuhak;nfxceg;
289;lueruu;lomnug;
290;xakvjc;gsavsm;
291;fizgib;arpwwy;
292;oytbou;rgaupi;
293;frrhgt;wsxmsi;
294;kjqhan;xfqbvd;
295;rvnune;bodwbn;
296;xoputx;iawuyj;
297;preivt;jppxqi;
298;zohhyy;visloc;
299;fwwxcu;ahgjbz;
300;ffffwr;ohwxud;
301;neppet;xwbzog;
302;djgzqm;mjpbma;
303;karzrl;fudgil;
304;tidewb;xiabxc;
305;bjjdjq;yqxzsy;
306;frlyyh;mkrvem;
307;yzugec;gzqagr;
308;dhlaph;prguhz;
309;dstxul;nvchls;
310;buvxrz;lvmyzi;
311;mytxcu;qqxqgq;
312;pmqgwl;sydihh;
313;ceckpd;cipfzf;
314;gfhvuc;dbgbku;
315;zrqmxz;wbicfm;
316;evherg;brxdwl;
317;tsxpcn;kfcrdv;
318;wdrmgi;wmcpiw;
319;nnatzb;zttcxf;
320;xxzpyw;lpkwpq;
321;ryeyix;fqhltc;
322;ijajbf;vkdhss;
323;dnomub;oyirkn;
324;wwzjnu;qkblbw;
325;kckpgh;umjknj;
326;ilxulc;ndtdbn;
327;sybtzb;gzqmkd;
328;dzgslu;hyxxfm;
329;ygewtw;uoaneq;
330;vokdnc;qponyo;
331;gsjcrh;lkohkp;
332;ipqpae;kjnpjq;
333;mbjmjg;idetkr;
334;wbxvtz;xfouvi;
335;poxjyd;ynjqnn;
336;jwxsyo;urwyhj;
337;zavxcj;ieiheu;
338;psdvyx;rqwzny;
339;wromjc;kfryzs;
340;hwhmoz;yslogz;
341;avzfjo;qutsol;
342;zhqike;okzemy;
343;glcpah;vckucg;
344;hwewha;clsjtw;
345;yigbfd;ahzxps;
346;tsgikw;amnqzp;
347;sobdnr;bmobzb;
348;kcwrpw;zzgijk;
349;vgezpz;cnivhx;
350;vwumra;otxgdl;
351;qtgmce;vdxatc;
352;ykhyjz;zyrnws;
353;rgnlfo;jtgsuu;
354;tewygj;hlkskj;
355;oxdfym;katlwl;
356;pfooyj;jimypn;
357;lweowy;mvgezy;
358;uqjnhx;cvxiph;
359;lxpyai;wqlzgg;
360;iqlpxk;hxvymf;
361;wyhtau;dgfoxr;
362;orjjnt;otoiri;
363;ikuuat;wwzisd;
364;eaqtyy;rbrgyl;
365;rgnyjd;ieqras;
366;uurfie;eorncv;
367;mzozrw;jppsdh;
368;xvnahy;dkzpaw;
369;btgcmb;twvnla;
370;zdquee;fyhstf;
371;brujeo;vnjphi;
372;hszlel;pvttgz;
373;adzvsi;qbwzge;
374;tlmihj;nbiedi;
375;idnaeq;erjhft;
376;xvbsly;gpqnsm;
377;youhpj;tekoyn;
378;rkdkjc;lrbhmf;
379;retkce;qxcjzn;
380;qgxoid;hpmvlo;
381;utpddp;jokznu;
382;wtyxld;bhtnln;
383;cvptzi;uowrpm;
384;zhmzbh;fwxvlz;
385;rbanuj;dcxyjo;
386;csigat;kflmbd;
387;zdidtd;znznkc;
388;zkxadd;qvdlkb;
389;pxgtmj;auczkg;
390;csrxkw;pcovnq;
391;jvugyz;vwjbax;
392;kfubvy;pwusnd;
393;emiqdg;mvrsrd;
394;uoxxtv;uimvib;
395;numdsh;bzsskf;
396;dntsqf;cartnv;
397;wlyrcu;wkihmh;
398;jlriea;qqbsxq;
399;rmunqu;hkbrxm;
400;hwphko;disxkm;
401;jkqwow;paebyi;
402;fjakol;umuwcf;
403;dowhoi;pmhiye;
404;cupklo;yybgye;
405;kbiprn;jrbzzz;
406;ttukxh;udswrf;
407;wfitud;upaulj;
408;fmizho;hwtukh;
409;pkimyk;xzmkvi;
410;xwvtag;gvpnnf;
411;dcygxa;rxmttg;
412;zuqgdw;ehggsh;
413;ndtmxa;nqpuke;
414;hznvma;sxqnvs;
415;cqfauc;jdbsek;
416;gkrtxv;kflszs;
417;amvhik;rfrvqr;
418;wvtcjj;zffsfb;
419;uungka;prtthm;
420;jawhkg;aswkhj;
421;pibcpq;uoyzsr;
422;bofkrk;gkedjd;
423;lmvvpg;vihvtz;
424;lfyunj;ysdpge;
425;pidlcd;nxqhtk;
426;kqrjus;zlekog;
427;jswiuw;oyxehk;
428;ihvqct;ryttoz;
429;gqqvmo;zshenk;
430;fjatlw;wbqbhc;
431;jywfso;pwjbnm;
432;rejlhd;phwcut;
433;jwtfba;ikofdh;
434;strfwa;feybts;
435;csripl;gwwlub;
436;zbobbz;tkrrgw;
437;mevusa;oxupib;
438;hubntv;vnxemn;
439;oixcko;ydfwqe;
440;mjgnno;rbqafa;
441;kftcnt;dnmfox;
442;jvyzkk;olpzsg;
443;pgrfkv;dfecxz;
444;ckbifi;kepoys;
445;uqoqqa;tpxvgu;
446;ezxkdf;xhquja;
447;xhqiqg;niehdn;
448;mkvmfv;hwpwvh;
449;rtqptb;affxoj;
450;hgkods;dvaasl;
451;ooioti;teinoq;
452;zqvvpv;irqhli;
453;qvaihk;mawxqe;
454;rnqeoh;ithfia;
455;cbziwc;tvgiup;
456;moibfx;xpchhl;
457;lzmoua;qrdgzg;
458;olxnoq;qwiwsc;
459;tvbocv;trppqf;
460;ujuwbh;fhlpso;
461;kxekai;lojdvl;
462;ixmvcl;ouljem;
463;mfkfsu;mefohz;
464;sprvup;diaabj;
465;bbdxzr;ckskmx;
466;zzfvao;uiqidk;
467;eswwvl;szepgo;
468;seidst;kinatq;
469;qsoepv;ouclqd;
470;hxutvl;bmjudp;
471;yxcypy;kmpkjh;
472;bmzqxa;mhpern;
473;bwemgp;zrdngr;
474;mbqmln;ozikyq;
475;eibjcq;wgxncc;
476;vowybl;vgzisn;
477;ewqnnx;kkjshq;
478;cyflob;wnrebf;
479;yqcspb;oxewdu;
480;xbfpli;xczlal;
481;bvnvlw;cqvshn;
482;mmtcob;setrsk;
483;zwyqad;fojccd;
484;ofrrzd;ijgqts;
485;gznjwc;fvqcsw;
486;lfhbex;npbfgv;
487;cldgla;nmrmzq;
488;modfih;okwjwu;
489;dduvve;uttfnf;
490;cxedin;kjbmhn;
491;askjgu;nnqyzn;
492;zxqvqs;dbjqha;
493;ohdylz;iuzvug;
494;ansist;wwbfxn;
495;fsowze;penkjf;
496;bbreng;gxtogb;
497;sswlyc;nrsmkt;
498;ljtame;wzonar;
499;rutueq;qgdcwt;
500;xhpous;tshibb;
501;pzpsdu;frllou;
502;iaayid;rfpftk;
503;pnwhpy;ytfyhv;
504;niprmd;qsqhzv;
505;okexvp;dquczj;
506;cbsjkm;nzwmnh;
507;ztplkp;kmglny;
508;ssoekj;rndeum;
509;ychbkt;pqaiwi;
510;pwlsyk;hlfyug;
511;uejibk;spydoj;
512;jpqqtt;hqhwpp;
513;juopaz;gbtvnj;
514;onemzt;rcwohq;
515;fcxver;acmkdd;
516;qhfljz;jiciqp;
517;gemfth;rukkfs;
518;hetgsp;kxxamr;
519;bortjf;icxejz;
520;jpomcf;eqwtwy;
521;hhbonx;thwhki;
522;xfxjqs;btlwgh;
523;wylifi;lauwrq;
524;mizwyw;jpmuyu;
525;ampjsq;kawrie;
526;klxiye;eusvtg;
527;irhyhs;znzhop;
528;szthtu;viomjb;
529;uyojfz;zhljqk;
530;awpvve;wxdpcy;
531;nmvyyt;jqkjdi;
532;kpgstw;wxukfp;
533;cxfszp;cclfhd;
534;asufap;uffoij;
535;worxbs;qvgupm;
536;wavmbm;dbrgge;
537;yeadog;oboyqj;
538;pwqudu;dhklle;
539;kvbntc;whqvyq;
540;xbxgue;obtasy;
541;xjsmuq;tsiknk;
542;nwfvlc;pifvsy;
543;vptfij;mawkta;
544;sgvkec;tcshsy;
545;bpnwro;hzxgca;
546;dcywff;jwtvah;
547;ifszvu;idzcad;
548;jweevy;lbfdap;
549;mmmhqg;zrcyvi;
550;koazcz;wkjdys;
551;gosfgl;chsegm;
552;fqqyje;veklgb;
553;ehdoqb;hzmxyq;
554;sjtlql;jnqtjj;
555;hhqkzw;oqbifk;
556;pmghku;tnaqae;
557;kncdro;iujefo;
558;luycss;iuswtz;
559;jkyzzs;mncpae;
560;vispog;gjvpxh;
561;jlszql;abqwkq;
562;grccoh;hsgeoi;
563;dpzcbv;nzezyl;
564;showja;mdywkx;
565;vxvinp;lfwwni;
566;bdgaxn;rkxtin;
567;qzyqcd;jahmrg;
568;gxjskc;tcmvcl;
569;eslxcs;zexoay;
570;pshiur;dtxbli;
571;iqcbhf;obyuei;
572;wmyiat;ojemiw;
573;noeeft;enffzs;
574;baxrin;wuruja;
575;tmhish;wbaqge;
576;fhuqjc;wbqapj;
577;qsuqzr;njitom;
578;pkctce;vbjgnu;
579;kvtrci;lhtqgr;
580;pptbrt;vcokpt;
581;bkfloy;tailgu;
582;lvmhdu;acfqux;
583;xvadqx;anuhsp;
584;gabiva;hdlhmm;
585;exikoo;qrsqmj;
586;srtxga;unvjoe;
587;onkmgj;lliywv;
588;dqdjjq;ylxiyy;
589;ywqmff;tatfbq;
590;jpfgib;fiiupy;
591;orfplw;xrzvad;
592;xpmbbp;tkhkja;
593;aohmek;goaaag;
594;koycxb;jsytce;
595;jrisga;mcuxae;
596;tecdwy;aqmnho;
597;kqjosi;kpyeqw;
598;yovpbg;twcevy;
599;qhobpt;uyuwlc;
600;mcxblo;elxwzm;
601;rtklys;mvlime;
602;spewgw;icwvpr;
603;cpxzxf;tjlrhd;
604;jsqoao;vwmrro;
605;naxcma;qbxwln;
606;xirbzu;uxenlg;
607;cxvumy;vixtpv;
608;juuhkv;axcvbj;
609;ldustv;gnpxpp;
610;ddqrfp;wwnvrg;
611;vhlwgt;vbbikf;
612;xiutla;moluop;
613;hyixon;pktfzk;
614;cbidbr;vwjxbh;
615;krxwiy;wivhwo;
616;vcfpgd;hjhdyp;
617;frshiq;mwoiov;
618;ipevcb;ampifo;
619;ougppw;dnmiir;
620;pbthnb;xjnedn;
621;lwuqbx;yqmusb;
622;bigfvs;jsberg;
623;iswdzb;vtfbjl;
624;plmwmw;gyydbn;
625;ibzqwv;liztsz;
626;gbjfpi;gnernw;
627;qzujmy;jivioy;
628;phjcfj;oiinnr;
629;tjvdgj;zfcjaj;
630;eojmfl;hsxxph;
631;rsnwkw;iovbky;
632;pmiqou;ivknvi;
633;mrfiur;mxrfbp;
634;kaqzfz;nnfaxp;
635;dohqjk;pfkxob;
636;kwcjuh;mpcsuu;
637;ubtjlk;spoaok;
638;nmnfcn;tuxvya;
639;gyvwno;wyevsr;
640;ytthra;yhrvhf;
641;zvayfp;tlfmnu;
642;qkldxm;nrnugy;
643;sgrivk;ifdyff;
644;vyvziq;ppppsm;
645;jbsjng;etwxus;
646;hxyanc;lkepwh;
647;jwbjqv;emenls;
648;rahipo;wbpywh;
649;oamzqi;ehrmon;
650;fudlds;auofjc;
651;ojgwls;xnfcgc;
652;kngdqf;umgsze;
653;sezonb;rfofew;
654;eyjxdw;blkrze;
655;hfetsl;vpklqo;
656;vbbpaf;wyublf;
657;emrudj;akgzmu;
658;euemdu;lnppby;
659;hsvpqp;ifruof;
660;rcdegp;oyjtkk;
661;knfuen;golwjk;
662;ezmpka;hibqsl;
663;ujhcro;aldwlf;
664;xbovmc;kuvfcf;
665;tzhczo;wqhefz;
666;vcprag;phzptn;
667;yumidl;wddedm;
668;ufozjj;fpcgiz;
669;zdzkoy;fqslsd;
670;scicgi;zouwhz;
671;eqfvnw;cajnag;
672;xkvnbq;kdnssa;
673;vubjeo;oflfju;
674;vdiqfn;ekjhja;
675;xjnjxw;hmonws;
676;jilzah;prhzqa;
677;pojzcu;mxveoh;
678;jsvhjo;vlmlbm;
679;seqnyn;euglrj;
680;bpusdz;gwptvo;
681;qslxzp;mtlacu;
682;nmpxuz;pnkgcw;
683;tuliqa;dhhokq;
684;txtein;rkszwb;
685;utqnke;xgmgux;
686;iynddb;wgamgj;
687;wxyals;lclphj;
688;esyovl;xyyqvo;
689;qnbtbz;ymldat;
690;vjpoik;psqjcn;
691;bitoxx;kvokgc;
692;oeliju;evtfts;
693;lxycne;rpmphn;
694;qxxxzh;xdolgo;
695;qlzgxc;fcrvrb;
696;mrdluu;dcpuwy;
697;psdwxt;nvszgs;
698;whjdwq;ojfcyy;
699;rilbag;ouiqpv;
700;klgckl;suwpkm;
701;fuqwnz;nhtshq;
702;mqkymz;lngfqz;
703;txbdtt;fdvaqc;
704;apbryy;jdfjrh;
705;xcimbj;zhmlpp;
706;pumzds;obewdd;
707;zrhoso;krdoqa;
708;ygabdd;vyttop;
709;thblay;ppfswd;
710;neldzf;amvjzg;
711;spzdld;amqvfn;
712;newxcg;nbmopi;
713;puyfdv;ztelxn;
714;bmdeuw;ghvgeu;
715;spwzsm;xkctoi;
716;fseorz;lulroj;
717;gcxpyy;godhuy;
718;plutbi;hmvmnh;
719;mkbaje;ieqabl;
720;ngaowq;tezcqy;
721;togmca;jtdjwc;
722;nbwsnb;yuciau;
723;wiqxpy;dfmqfm;
724;ycsznp;vapglw;
725;ykscka;phbzmp;
726;ojzkjb;qiystb;
727;ilmjva;ecjssz;
728;xovhro;bmnpla;
729;plbzql;iigjcq;
730;ajvvao;hclara;
731;tgbrig;mtjntg;
732;eleitn;qmqvpf;
733;rsyyzh;hlmdzy;
734;schzcl;auwafl;
735;bdssjm;vxmhvi;
736;phzmhs;zjonga;
737;jtecxy;ocmxed;
738;sofhvj;wnnigo;
739;lmytvj;byiiii;
740;kjvsjb;aectaw;
741;dmskvs;gcgjsn;
742;hyxytc;fxlxqn;
743;mzlqmv;yvwfrq;
744;bfzadb;zhxftd;
745;ikeezm;fvrskk;
746;iaowup;bcmfmc;
747;rnqape;cubghc;
748;mvbzoh;fjdqnw;
749;caittc;xljnbs;
750;tsabwb;ymmxry;
751;tzlpvp;jsonrz;
752;rgeiyj;slqxus;
753;vndfxb;sfckga;
754;xljoaw;gxyirk;
755;ycdzpd;vemrpm;
756;ddessp;eabctz;
757;abcysf;rdmgxg;
758;nkedce;zqbenw;
759;kbbevv;qhugvt;
760;psldty;emilih;
761;xfohuv;niwgnj;
762;sxvzfh;wjotvm;
763;niqnrz;eodkww;
764;eytdzs;qtcmmz;
765;eicjus;bjpvyu;
766;ajtvux;hwwvwk;
767;wdivoi;gfpsac;
768;rqjdrt;bijmch;
769;xafjgy;sflkgr;
770;zxkngf;mpghmv;
771;sneeqd;sohrgr;
772;zdfltb;yfumyb;
773;dgmlsp;zlsgqr;
774;pivupn;bjobtx;
775;axhyfb;mocbgz;
776;shgmih;kgggtz;
777;xjqdlk;gylfsl;
778;lhonmi;tvkkqt;
779;vuuwyu;kipvum;
780;uketax;tcbcmn;
781;baxyfe;yqackb;
782;wifkhz;icpock;
783;gtnddo;hkfpny;
784;sbddli;oznffx;
785;cvdhdo;fjypgo;
786;gkdeba;mvreng;
787;fgsaxd;hsjdfz;
788;pznsch;vnkfjz;
789;ctqgos;trnaoo;
790;xxmffb;oqjxql;
791;eyapgf;kjdyfa;
792;fehxhe;nvbfrn;
793;nenpxd;tadkzo;
794;czwtdj;ivmgzc;
795;yrplgb;hgsqij;
796;skigzh;ykgtri;
797;zndbjv;zuklku;
798;cuyfst;btvxzr;
799;esfpzv;jcaqyg;
800;uysvqr;lygkli;
801;iicebk;ewegkp;
802;vyeddi;epnsql;
803;hwqaca;kzenlo;
804;vowyfx;lanzxj;
805;vulage;czghsi;
806;zduplz;robufv;
807;vcvrga;duxdvl;
808;wkmblw;aafawn;
809;ycrfix;bzjpqh;
810;ejnvzi;pmrtzx;
811;niviik;agrnqk;
812;uewyts;twftdh;
813;dfrvja;paplhz;
814;wbrqhw;bzjgvt;
815;nfnvmd;tyhhno;
816;mirmxu;tddbjn;
817;inbkfu;uwfuvg;
818;zludyd;wnnkdt;
819;nuyymi;ewmzrj;
820;diqfdz;ghacnh;
821;whwgip;ykquzp;
822;awlotf;tkotmz;
823;doiabu;lbeows;
824;wznrur;yvepjn;
825;ffrspt;rfrapi;
826;oiwcgt;iopekq;
827;dqdydd;ikkdzl;
828;szkyll;sctftn;
829;sowkff;zwidkl;
830;eevhuo;yueknz;
831;indfei;mdzvzv;
832;dbhvne;nhgtkk;
833;bveigs;jtttiw;
834;jopibc;jqavid;
835;mohifr;hnfgsu;
836;vtoizo;vvmboc;
837;tmevte;wdxcfw;
838;dhqnxm;trlcvl;
839;agesvo;twoxwr;
840;twocna;tpnwvo;
841;kidlwl;ucxfae;
842;dynlda;lrwyrv;
843;agvlgv;foelug;
844;rswirn;lczgud;
845;njcayj;uphbrl;
846;pzgbvf;ecdick;
847;gnooza;njyehu;
848;osiwsh;nxrvly;
849;dcbzpi;cnvxnd;
850;nbjcjy;cvqkve;
851;ularbn;rufvzk;
852;dweytv;furypn;
853;yirwpj;ivdxze;
854;nlrfym;vkjjyv;
855;nlfbiw;sgrrky;
856;hyvqpf;caugsy;
857;cvqcok;sjrtgt;
858;zaajqo;ympluz;
859;nvfhgj;umcbqi;
860;kuztjg;rypjcp;
861;xkzber;xrtgxl;
862;dhqoiz;oahbnu;
863;henzko;zoemwy;
864;wvauqx;plumcs;
865;cajhfs;ifuuuk;
866;lfsdgx;ppzfix;
867;lxbfnr;auiadi;
868;hmrlez;roekca;
869;xqywye;aombtl;
870;ywcfbj;dauyze;
871;zoysuy;hxbtff;
872;tgzujl;wkoydf;
873;ybiskl;eredws;
874;klyvge;namwvk;
875;vuxsay;gymwca;
876;mqfofc;dydywu;
877;shfsxn;uayuew;
878;ewbsld;xfwwqx;
879;vjtkcd;pomuva;
880;goutho;qnpnnl;
881;ahgkrm;mtfdms;
882;anjbzp;wnsphl;
883;vthbhl;lgwoez;
884;kdpzhb;craois;
885;sdtasb;ppyjtl;
886;xohnsi;mvkpdo;
887;eckxtm;bctoct;
888;kdqlzy;xdqlpi;
889;rsspyd;tcwwim;
890;fvaytk;wwnjae;
891;jaehcj;rntgsp;
892;difaps;nsfpxg;
893;xafqni;cvebze;
894;tqbwkj;anjcto;
895;fikula;ejydxn;
896;zbhjdp;vgdkfo;
897;fyenfe;jsdqvd;
898;ztjwhk;rjhwpj;
899;dsiipi;gnnozd;
900;nfckwg;weyiey;
901;ylzncl;knumwi;
902;qzharh;qmyzxu;
903;kpjrwt;fylwua;
904;taljcg;opegui;
905;puevze;dhbgpn;
906;dcsbzk;ymvevs;
907;ombden;rsujpx;
908;wsfpfa;ecdriu;
909;btcejp;wwrqre;
910;rhwgsj;qkvyae;
911;enxhlg;cxwndk;
912;wqpnbk;zawnrn;
913;gosiqc;htujzm;
914;bwhjkg;dfbmjb;
915;epyizh;zuzmhw;
916;jqtmhn;jmbutl;
917;ebzfmi;olsmuo;
918;ukzmja;mdgbis;
919;jynzit;peindh;
920;wrhepl;korsyl;
921;gcompp;sxzknu;
922;oemlqh;awgdar;
923;acngzv;jxgkkh;
924;tmfenu;xutzbh;
925;jqhkxr;cluxib;
926;bhlbcd;nldlht;
927;bdgtkp;rducms;
928;ikbeus;afvqem;
929;vvbvrg;ajrwvb;
930;eaodac;hdvgva;
931;woqiwp;ajerxz;
932;jgowrc;gxmpee;
933;uychrp;wldtbo;
934;isccrg;eoupvn;
935;rqkadx;ompatj;
936;gnkrda;repdzj;
937;rkoyds;extmrf;
938;yzsjqf;gnvyin;
939;hkntay;cacawj;
940;wkmocx;hyswys;
941;vvsazb;nhzclo;
942;gmzlrp;wguzjm;
943;yxemfo;agpwha;
944;llmwik;ewcyrc;
945;mmbvnj;hvyscz;
946;uknutn;phxfhy;
947;qjrkyx;uujskn;
948;itnqeh;viyixk;
949;qqhrna;bicdey;
950;xkyjas;xdrxcr;
951;wuotgg;griftl;
952;jyrmgr;nqjpgq;
953;wnypxg;eyyniv;
954;wdsdau;fljvwa;
955;baucyt;mhzbnt;
956;heqdzh;eqwdzx;
957;vekczl;hwwgbw;
958;jzphyd;hjawlw;
959;gdfndz;uvroil;
960;ykzrnm;hpjblj;
961;ikigqj;urimxe;
962;wmappz;lylhpw;
963;jtkacu;pekzui;
964;ggclhe;rzthid;
965;repdec;zvazff;
966;aztarf;ddqfwp;
967;bmdihp;hhqfjy;
968;optdrs;hrejrj;
969;pdgldh;svyfko;
970;mhfuvq;bqczdw;
971;yoonqy;isdjdd;
972;awzdbc;hnzdhw;
973;sktxxu;sbmdmk;
974;npoovl;pswcqe;
975;njrzam;cbdtsb;
976;bzunqr;ufmxcg;
977;vmowmt;zfvlie;
978;miutug;kqkpit;
979;uqfivy;jawqhw;
980;ibbrbl;revdyn;
981;bfxyry;tekskl;
982;uszlfa;rcbrtt;
983;metzxf;lzdvsz;
984;ulljhm;ovjmje;
985;eootir;biughd;
986;uquwkq;cahfiu;
987;icbayy;luxlvx;
988;jcbbvx;ochutt;
989;lpuwbp;ktvpty;
990;qxtxqv;uxnwwx;
991;tvflmi;dzwzwz;
992;prbmva;mdehnh;
993;zwlrvk;eitqtb;
994;ybezxy;hwhfkh;
995;bjywzi;viswnp;
996;fsaosw;lkgzad;
997;yqrska;ujyind;
998;uqxglx;htaluo;
999;wbwtcv;hxhjnf;
