Jakub;Sarina;186;2;
Vladimir;Paliesek;328;;
Jakub;Lukac;456;5;
Vladimir;Cimbora;564;1;
Ferko;Mrkvicka;725;;
Mararked;Zururakder;1003228594717937;1;
Brearced;Lukloriure;1011956412134738;;
Crocloes;Zedsalmared;1021546082154399;;
Crosalmarzur;Mermirid;1045989241708286;;
Zurcratron;Mrokmurark;1067298758864180;;
Drakarces;Crysalmarmed;1105804956250531;;
Brecloarc;Razerark;1122600416128877;;
Crycloer;Azakzermed;1145533352883164;;
Lukcraark;Zurmaracer;1146319524343535;;
Lukmaraczur;Croairtron;1147007551092897;;
Raymirimed;Mjolaires;1152469772122051;;
Zurcloure;Zedairarc;1184294522041157;;
Drakmurarc;Raslamararc;1185314365874064;;
Mrokredmur;Mjolmier;1197083765862404;;
Azurmeeark;Krirark;1202399417275267;;
Jarsalmarcred;Mjolurakark;1206548523613467;;
Reiarced;Marcresder;1206789177039243;;
Zorksormed;Krslamararc;1207027985178035;;
Creoredmed;Mjolcramur;1219763010409836;;
Caloritron;Razoircred;1229524219511710;;
Madaired;Morairer;1230229651388850;;
Lukmures;Madslamarzur;1232559100831237;;
Azurlorier;Zorkairtron;1256100891516433;;
Jarcresed;Creocreses;1257503906975764;;
Marairmur;Crucracred;1258436292609155;;
Reilorider;Cruirmur;1261801318499480;;
Jagzerder;Marmurark;1278155114234935;;
Jagslamard;Mjolsormed;1288659444415651;;
Zedcreser;Azakcreses;1306418940957212;;
Mrokmeearc;Jarmiriark;1306919364594746;;
Crymicred;Rayird;1321658929627098;;
Merairark;Creomirier;1331324079853841;;
Mroksorder;Cazoird;1339118833706916;;
Razoirmed;Raymaracure;1339188761705308;;
Azurarcder;Azururakmed;1347192080049523;;
Jarmaracder;Cacresed;1364836446263058;;
Jarslamarder;Cryairtron;1367757119002598;;
Brearkarc;Camiark;1376665071439837;;
Jararcarc;Krarkcred;1397236587330643;;
Cromurmur;Krcrazur;1413860083638316;;
Mararcure;Krslamard;1426836745020588;;
Marzoirure;Rayuraktron;1445813144409021;;
Caslamarmed;Mrokzermed;1453802646769476;;
Zedcramed;Zururakark;1459858500385848;;
Jagsalmartron;Lukmitron;1461905046757300;;
Cazerarc;Zurcloed;1465697395257632;;
Morsalmartron;Crucreszur;1466610444414307;;
Mersorure;Raysord;1472765774480441;;
Reicresmed;Cryarces;1490443318845531;;
Lukslamarark;Mjolcrescred;1490621136412306;;
Lukircred;Zurirer;1495066748360729;;
Azakcresark;Cryarcmur;1501280109048546;;
Madmured;Creoirure;1519551905857669;;
Lukzermed;Mjolurakark;1538684574948343;;
Jagredzur;Cazoired;1555270506900807;;
Cryurakcred;Crosored;1588154961403659;;
Zorkmurmed;Jarcloder;1594083405135646;;
Morirure;Camizur;1596744675955669;;
Jagmeemur;Azurslamarer;1603008666900525;;
Creomurark;Cruires;1607158135294764;;
Morslamarure;Mermeeed;1617163294637006;;
Bremider;Mrokreder;1623064600497592;;
Mormurmur;Creoaircred;1625274774138435;;
Jagurakd;Azakcresd;1633981383870417;;
Azaksalmararc;Zurzoirtron;1634545737282653;;
Crumirizur;Cryslamarzur;1643363636261634;;
Jagcloes;Creocraer;1649609478585061;;
Camitron;Mormeecred;1665527657664628;;
Jagmaractron;Azakzermed;1676608712478595;;
Croaires;Camiriure;1681788270055501;;
Creosalmarark;Drakslamarark;1681810418430770;;
Lukmirimur;Azurircred;1684913181955012;;
Madmiarc;Morarcder;1693302957641752;;
Azakarkark;Brezoirarc;1713049939196185;;
Crumurark;Jagmaracder;1717257219155467;;
Crozerure;Zorkcraark;1729518561854175;;
Racramur;Madzertron;1730642458057585;;
Mrokcreszur;Zedarcarc;1754951481375434;;
Rayarcder;Breredure;1755442116374367;;
Zursalmarzur;Krsormed;1775691196373658;;
Marsormur;Madzerd;1787209342519464;;
Drakurakarc;Reiirer;1803562940654662;;
Drakcraes;Jarslamared;1807677055974914;;
Cryredd;Crymaraced;1825645949022318;;
Luksalmarmed;Zedcloarc;1835164615301884;;
Cryirder;Raarkd;1837032412373420;;
Madloriark;Azakcrescred;1846249851471516;;
Mrokcresder;Mermirizur;1846670054320580;;
Raycrazur;Crucrad;1855269323604687;;
Jarsorure;Crocresure;1879759535336477;;
Azakcraes;Azururaked;1896880585140690;;
Merloriarc;Drakarcmur;1904768410342526;;
Crycresure;Crocrad;1907624915163185;;
Rayredtron;Raymiriark;1909590027472907;;
Morzoirmur;Rayzoires;1920192801704172;;
Azakarktron;Jarlorier;1930384409141816;;
Zedirure;Madcramur;1934113671592953;;
Jarredd;Morredarc;1935389596720349;;
Breredd;Cacreses;1941012354912488;;
Mrokmurarc;Zuraired;1949924220976270;;
Zedsorarc;Creosalmarmed;1950560248078096;;
Marcrestron;Azurirder;1951302016034999;;
Azakcraure;Zedarcd;1957144468441706;;
Zedmid;Creoirark;1958544036937920;;
Crysortron;Caloriure;1962153646643977;;
Zorkmaractron;Reisalmarzur;1970061777497554;;
Cruredarc;Draksalmararc;1975490973161914;;
Cruzermed;Crosormed;1988274473704769;;
Azurslamarure;Crumaraces;2005589137731066;;
Azurmizur;Casored;2011424097745178;;
Raclocred;Krcloder;2015986298711084;;
Mjolmeetron;Krzoirark;2016766488481225;;
Lukzoirder;Mrokmurarc;2025481327004065;;
Meraird;Mararcure;2032584133511977;;
Cryarkzur;Creoarcder;2049151403983088;;
Marredtron;Reizermed;2053246945028964;;
Merirark;Zurcrazur;2056844521018483;;
Merzoired;Breurakmed;2059096902456385;;
Morarkzur;Zorkredure;2059258186042264;;
Madsormed;Madmeeder;2081888840915176;;
Morarcure;Reiredure;2091855291461052;;
Lukcresmur;Brezermur;2094136783063809;;
Marcrazur;Zedmeeark;2097561494528236;;
Ramurmur;Mjolredarc;2111344253238800;;
Cromeed;Ralories;2128577409780655;;
Crusalmarure;Brecraarc;2129420678993584;;
Raaird;Rayzoirmur;2135811291332304;;
Mermicred;Morirarc;2148105286715942;;
Raysalmarark;Marcloark;2180821916540258;;
Morsalmararc;Jarcloer;2181929735654656;;
Mjolmirider;Crumeeure;2182972144463869;;
Zorkclomur;Creourakmed;2190854884724686;;
Marcresed;Camiritron;2199587223241922;;
Cruzoirure;Jagurakes;2214620015274233;;
Krmider;Mjolzerd;2216285350523986;;
Reimiark;Mjolsord;2221590491842434;;
Crocloure;Raymurtron;2232681862531454;;
Cromurmur;Crymiriark;2234141103742798;;
Jagmirier;Reiarced;2240074339405312;;
Mrokmies;Raymirimed;2248478998396297;;
Jagsalmard;Raircred;2269849159378677;;
Morzerder;Cruaircred;2269870302652970;;
Mrokclod;Crucrader;2275364565741947;;
Bremurtron;Reimaracmur;2276703649743621;;
Zorkmaracmur;Crozerark;2291157123522254;;
Creoaircred;Luksormur;2294746180571421;;
Mormeeder;Cruarkd;2306787857469179;;
Zorkurakmur;Mjolzoires;2310925063413298;;
Morredd;Mermeemed;2339766157930094;;
Jagmaracmed;Krclocred;2351667585731604;;
Lukmiried;Reiclocred;2369022730993778;;
Krirarc;Caloricred;2371926386858225;;
Azurzerark;Krmider;2377462318560454;;
Cromirier;Madlorimed;2420925141698131;;
Jagired;Zedlorider;2431083697536021;;
Mormurder;Cameemur;2443906487193821;;
Crosalmartron;Marmaracure;2451840237117177;;
Racraed;Crumurd;2468067048864090;;
Mrokcraed;Zorkmurd;2470761198933230;;
Luksalmarure;Raysorer;2473099062353353;;
Cryzertron;Zorksalmarmur;2478465597103239;;
Zedredarc;Azurirzur;2491412433695537;;
Azurlorider;Zedmurtron;2519927404718802;;
Azurmiure;Marsorarc;2539090687237414;;
Crucloer;Creoslamarmed;2539106521687506;;
Zorkarcder;Calorid;2545912801890027;;
Zurarcark;Marmeed;2547126526163802;;
Marmeeder;Zorkcresure;2566729141980886;;
Creosalmarmur;Jagsalmard;2570230894146799;;
Krmeearc;Mermies;2583646288873786;;
Lukmures;Azakcrescred;2596664797658041;;
Madmaracmur;Lukslamared;2605896084163057;;
Caloritron;Brecresmur;2607410870655686;;
Merzoirarc;Creomaracder;2610757533859734;;
Cruzoirarc;Reicraes;2620444448922964;;
Krsalmarmed;Jaguraker;2636632105105967;;
Krzoirure;Zedzoirure;2641416029706043;;
Lukcraed;Mjolredes;2645418597578671;;
Krcratron;Madslamard;2650245968079486;;
Cacloure;Brecloder;2662537473096268;;
Creoloriure;Zorksorer;2662994759157123;;
Marmeeark;Jarcramed;2671114817440240;;
Jarairure;Crycramur;2677599013063098;;
Rayzoirmur;Caarked;2682527420581013;;
Marredcred;Creocresure;2712582931798052;;
Mrokzertron;Krzoirark;2736520594752052;;
Bremirier;Crymirier;2739916609786764;;
Brezoirarc;Crycloure;2742922854571910;;
Raclozur;Madcloes;2765602058630354;;
Crulories;Jagzermur;2765862718556825;;
Morslamarark;Mormirimed;2771496685243002;;
Croarcark;Azursalmarmed;2801439365828452;;
Mormid;Azakloritron;2802988101361705;;
Marloriarc;Azakircred;2803478982651639;;
Mjolmurtron;Jagzermed;2808801889202020;;
Azurarcder;Lukmurtron;2820339004991767;;
Krmizur;Drakslamartron;2820542095154190;;
Zururakark;Lukslamarer;2851152914118376;;
Bremirimed;Krmurd;2865022253061362;;
Rayarkure;Mararcder;2870783662770380;;
Mararkmur;Reiarctron;2882236093084266;;
Lukredder;Caarccred;2885000448898036;;
Zurmurmur;Madcloarc;2896407183413452;;
Drakloritron;Crumured;2901558768750535;;
Crymaractron;Cryarkarc;2908027943386619;;
Crusord;Azurlorid;2919597844499080;;
Lukreded;Draksorarc;2931138245147766;;
Madcresmur;Jagslamarzur;2941103947013856;;
Creosorarc;Drakmiritron;2950764218559660;;
Mersord;Mjolslamares;2952692608885732;;
Azakarcarc;Reiirmed;2953917647822874;;
Zurreder;Azakclocred;2978740719836411;;
Lukmaraced;Rayarked;2998761449377768;;
Lukcreses;Madird;3004595376191329;;
Morcrader;Crymaracer;3018685322600509;;
Raaircred;Azakmeees;3019733011077962;;
Merairmur;Mrokmeetron;3028608920931437;;
Cruslamartron;Zorkzercred;3037435100725404;;
Lukaired;Rayairure;3037706539256790;;
Jagslamared;Camaractron;3045887488449886;;
Morsalmarmur;Krcloes;3079761795452883;;
Madlories;Brezerarc;3099880995364015;;
Lukslamarmur;Madslamararc;3103603554762679;;
Mrokarcmed;Zedaires;3143978244969030;;
Croloriure;Drakloriarc;3146284139801469;;
Madcramur;Zorksormed;3151464348892816;;
Raarktron;Krlorid;3152268749273977;;
Jarclomed;Croclomed;3154135978939815;;
Mormurure;Mersord;3161340642537192;;
Zurmiarc;Morredes;3172783658070274;;
Racratron;Zedsalmarcred;3192297248615588;;
Bresorzur;Mercresd;3206818939193938;;
Merairark;Lukaired;3208794405839332;;
Zedirmed;Cruuraker;3219090983717232;;
Zurlorimed;Zorkaird;3219181587106238;;
Azakslamararc;Cazerarc;3241952771915274;;
Madsalmarer;Zedloriarc;3244004933028050;;
Zurredmed;Raymirimed;3269644858062211;;
Zorkredzur;Cruarcder;3272843569353385;;
Creosalmarmur;Crosorarc;3279352716861811;;
Creoairzur;Mrokired;3281653836065912;;
Camaracure;Creomaracmur;3287733698963149;;
Krloriark;Mjolcraed;3292427166174578;;
Croarctron;Mjolcrazur;3298445922364545;;
Creoredzur;Crysalmarzur;3300568342144145;;
Drakirmur;Azaksorure;3313563124529697;;
Madcresure;Rayuraktron;3317483377366123;;
Zurcraure;Drakmeecred;3333037164224323;;
Crycresure;Breslamarzur;3346438768039126;;
Croloriark;Breires;3355420049001880;;
Zedurakmur;Mjolarkzur;3362547737317103;;
Lukclod;Morarkcred;3366407609890180;;
Calorizur;Casorark;3367554039705579;;
Jarirtron;Morairmur;3400229490323200;;
Jagmeees;Drakcloure;3407004233533739;;
Krmaraces;Madredure;3417931444995326;;
Lukairark;Zedslamared;3426633120882969;;
Breaired;Zurarcure;3427316150562023;;
Krarkmed;Madcraed;3431137304757587;;
Mrokmurmur;Jagzeres;3435683635144808;;
Rayirzur;Morairder;3441489060311167;;
Zururakarc;Krirmed;3441872671911522;;
Cazoirmed;Zurcresder;3442843525563441;;
Rayarcer;Marurakmed;3460545672496780;;
Crocreses;Zursalmartron;3481492633462162;;
Mormaracder;Zorkarkark;3493819074635266;;
Jarredark;Jagsalmartron;3504688228589396;;
Creoslamarure;Marloriark;3508771615695167;;
Crozercred;Crumurmed;3509543628571456;;
Krclod;Azakcrader;3521967503065269;;
Mersalmard;Crymeearc;3523237592046799;;
Krreded;Jarmurcred;3539320693125118;;
Raymured;Lukcloark;3546888363988388;;
Mrokmured;Cameezur;3556974378110757;;
Morredmed;Mrokaired;3562097751796402;;
Rayzoirer;Zurmier;3562466626264360;;
Zorkcloes;Mormurzur;3565608357552181;;
Breredarc;Zorkairmed;3578014409443084;;
Drakzoirmur;Creomurd;3580859900323544;;
Reizoirmur;Zurarkarc;3592034945180642;;
Azakmaracer;Raurakark;3597068859676184;;
Jarzoires;Marzercred;3598169848562496;;
Marsalmarmur;Krairer;3598877502049887;;
Merloricred;Mermiriark;3602296116559231;;
Azurmiriarc;Cryslamarark;3606039006382359;;
Mrokmurmur;Zedzoired;3633784573271799;;
Azursalmarure;Drakurakes;3650121416550925;;
Breslamarzur;Azurslamarure;3658568882530122;;
Mormeeer;Creomiried;3662367269605964;;
Brelories;Cacrazur;3680106628027397;;
Jagarcer;Camurmur;3683058732203210;;
Mjolloried;Marmirid;3683674587530299;;
Mormiark;Meraircred;3690702465061806;;
Cruarctron;Raairmed;3708035211541179;;
Zurzerd;Reicresd;3717344753619284;;
Racreszur;Mersalmares;3749971520251599;;
Krcratron;Azurzoirzur;3750276123081938;;
Mrokmiried;Mjolcreszur;3761453392095539;;
Cryarcmur;Morirtron;3763666869267553;;
Cruarcmur;Zorkclomur;3767691031114972;;
Drakmimur;Drakarcd;3782309758485868;;
Madclocred;Rauraked;3784656762749980;;
Zorkzoircred;Madarkmed;3785756674731795;;
Lukredes;Madredarc;3802625286117894;;
Reiarkmed;Crusalmarmur;3802769030259340;;
Morcraer;Mrokairmed;3810977909076234;;
Mjolairarc;Zedsalmartron;3821846082687675;;
Crocresd;Ralorid;3834286954024386;;
Zedmirid;Azakairder;3845643354961950;;
Jagarked;Crysortron;3851103382513332;;
Azurredark;Mrokaires;3852188724705105;;
Madarktron;Madmeed;3861738634689826;;
Raclod;Merslamarure;3863555944224315;;
Mersorcred;Creosormur;3867308833503750;;
Lukslamarcred;Merarcer;3880368515889056;;
Reisorark;Raysalmararc;3883922230675036;;
Azurmier;Zuraired;3891265443502051;;
Creomures;Jarmurmed;3901475418275597;;
Marcraed;Morsorark;3901655542251985;;
Madcrader;Bremirizur;3902560334886618;;
Jarredure;Reiurakark;3930353578943251;;
Crourakmur;Ralorimur;3946908217312013;;
Reislamared;Zorklorizur;3954036766277835;;
Madreder;Mermurd;3964847629459100;;
Krlorier;Merirder;3971011093603692;;
Lukuraker;Krzoired;3976278061449826;;
Marloried;Breslamares;3976685626211046;;
Reisalmararc;Crosalmarer;3987825741521171;;
Zurarccred;Azursalmarmur;4007997690132082;;
Jarmeecred;Mercraer;4013167280455565;;
Crusalmarder;Ralories;4023392016762709;;
Brelorider;Azaksalmarer;4024737415401101;;
Krclomur;Croarcmed;4042371302467332;;
Jarcrader;Jagairarc;4045818685977395;;
Lukurakark;Casalmarer;4052285583111726;;
Cruarkcred;Morsalmarure;4060447936913266;;
Rayslamares;Mjolredmur;4067518639307409;;
Cruslamartron;Mjolsalmard;4068728664995803;;
Mrokcrescred;Madslamarzur;4072015448146988;;
Azurslamard;Drakzered;4074107712604579;;
Jagmaracarc;Casorure;4091352763367184;;
Cryzerer;Lukzoircred;4098474027635179;;
Breirzur;Mrokzerzur;4103411961491588;;
Zedsalmarark;Mrokarces;4104859637509650;;
Crusormed;Lukurakzur;4118716957092818;;
Zedcloes;Caarkure;4125406253514068;;
Reilorier;Drakmaraczur;4138012769249018;;
Mjolloritron;Creoclomed;4148088088711765;;
Mrokclozur;Mjolcresarc;4151593798807321;;
Zursorure;Creocloed;4153591004404197;;
Reimures;Mrokmiries;4155647272255343;;
Zedredure;Jararces;4176724708379804;;
Zorkmirimed;Krcracred;4185366742277723;;
Zedmimur;Merarkes;4186619515812173;;
Zedcrad;Merslamares;4198022870215428;;
Zorkmirimed;Creomiriure;4203424370740984;;
Morarcder;Luksalmarmed;4205350317311247;;
Krmiried;Krmeeder;4208937912273029;;
Mjolslamarcred;Madairer;4211397346250549;;
Croarcark;Azurslamares;4215313437430817;;
Cruarcark;Mormurmur;4216951474374920;;
Raslamares;Mjolmurmed;4220836122463027;;
Mjolmiarc;Jarloriure;4229487649865975;;
Zurcloed;Zedmeecred;4246554556490185;;
Reimiark;Zedmaraczur;4247952734079513;;
Mjolmaracd;Jarmaraces;4256276602648772;;
Krredtron;Mararcd;4275155402809678;;
Crumiricred;Bremicred;4286437431762342;;
Zedslamararc;Krslamard;4299883270281122;;
Zedsorure;Merredder;4306959447948278;;
Bresored;Mjolirzur;4321099054433821;;
Lukarcarc;Zorkurakark;4328870465079738;;
Mrokurakd;Azurcrazur;4342204071059163;;
Breirark;Bremitron;4348976616552675;;
Azursormur;Mararczur;4350372877183451;;
Zurzeres;Reizeres;4390605092173084;;
Casalmarark;Zurredure;4392711866315993;;
Zorkurakzur;Azurcramur;4406842903094603;;
Jarmeeer;Zurmaracmed;4412619704061862;;
Crucloes;Bremeeer;4416231935856248;;
Krirtron;Cameeed;4422877978748859;;
Krmeees;Zorkmurark;4429324284469392;;
Zedmurmed;Azurredark;4430380223320015;;
Mercloark;Crocracred;4454746992222685;;
Cruarkzur;Rayclotron;4464298586326702;;
Casalmarark;Marzerd;4470694585012767;;
Zurzermur;Creocresure;4471162504412752;;
Zedarker;Creoredzur;4484783879270835;;
Marzertron;Cryzoirark;4502159814841338;;
Jagclomed;Reiurakure;4511193906129464;;
Jarmiricred;Zorkmurer;4520348424676917;;
Cryslamarer;Raymaracark;4523489965715871;;
Zorkloriure;Creoarcder;4529721389928592;;
Creoarkarc;Jarirark;4542063952180236;;
Krmiricred;Raycresmur;4545690217733931;;
Creolorizur;Merirmed;4551497909074916;;
Marzerd;Reizoired;4557645173125681;;
Rayarked;Rayclomur;4559077556150543;;
Krmaraced;Drakmaracer;4570710418758007;;
Zurredure;Mercraer;4572036258812561;;
Azurmiried;Jarslamartron;4575632016649999;;
Bresalmard;Maruraker;4578881022468764;;
Mrokcloarc;Crymeearc;4583007217551078;;
Croircred;Azurclotron;4584123745449946;;
Raymeees;Jagairmur;4589144777426550;;
Crocrazur;Azakirzur;4618367015303113;;
Rayarkcred;Azakmeeer;4620653888230793;;
Caurakder;Marairtron;4621231809858473;;
Azurmirid;Azurmitron;4630634667364832;;
Zurmeetron;Crucloer;4643287960543274;;
Reimiarc;Morarkd;4658263451223769;;
Creocraure;Krarcark;4659895418031041;;
Marmeeder;Zorkmies;4673158750221551;;
Caslamarark;Jararczur;4673913256071317;;
Crosalmared;Zurloried;4681305782847685;;
Raloritron;Creoarcmed;4689374748670611;;
Azurmeeed;Creomeearc;4695024617756244;;
Mararkarc;Mjolclozur;4700511470262646;;
Zedlorier;Madlorizur;4709247797859393;;
Breloriarc;Zorkloricred;4710289834134319;;
Krircred;Cryarker;4736666203708156;;
Brezoirark;Azakcresarc;4743249660687245;;
Crusalmarmed;Meraircred;4749699131703120;;
Mrokmeeder;Merloricred;4757038881074737;;
Casorer;Krirer;4763792925065389;;
Meraird;Zorksorer;4765096339340437;;
Zorkzerer;Jagarktron;4786699442969639;;
Creosord;Marslamartron;4801130750176786;;
Mercreses;Cryairarc;4804553338331302;;
Zorkmaraccred;Zedcloer;4820988714132246;;
Raurakmur;Azakmurmur;4828849725289511;;
Zurarccred;Krmeed;4831764420752104;;
Lukuraker;Raloriark;4836204126237396;;
Raycresarc;Zurredzur;4841385120049643;;
Madmid;Marzoirure;4860598340118086;;
Zedarkcred;Mrokird;4878158241742632;;
Lukcresed;Crusored;4881573831081554;;
Azurirark;Rasorarc;4889581697821650;;
Creomirimur;Jagird;4901863299816268;;
Azaksalmares;Mermiricred;4913467557094476;;
Ramaracer;Madzered;4933473667999062;;
Racloer;Rameeure;4940764778363614;;
Jarcraark;Lukclotron;4955043942489535;;
Crocresmed;Krcrader;4956690770149915;;
Marzeres;Cruslamarark;4961830921997114;;
Jagzoirer;Drakmimur;4974868929430697;;
Zurairder;Crozeres;4980429054898032;;
Reimid;Creoloriarc;4980779485603944;;
Crymurzur;Bremiriure;4991916321722404;;
Breredder;Creosorure;5014118210655144;;
Mrokzoirure;Drakslamararc;5018052228128751;;
Crumimed;Azururakark;5052044566208937;;
Jagzertron;Creoairder;5056737670388811;;
Lukmeeder;Raymaraces;5061766122581962;;
Marsortron;Zurirder;5066340149369787;;
Jarmiricred;Jaguraktron;5068629277804125;;
Lukslamard;Crocraer;5080166883350573;;
Mrokarccred;Raloricred;5088310896521466;;
Bresalmarder;Cromirier;5106528299800662;;
Zorksalmarark;Zedurakd;5128260577711187;;
Caredark;Madurakder;5152708958504143;;
Jarairure;Azurmurer;5164501750721119;;
Jarurakmed;Mormiure;5169238842157571;;
Mjolsorarc;Reimaraced;5184176724123918;;
Rayarkes;Azurmiure;5208452973090834;;
Racreszur;Jarlorid;5213599265655472;;
Zorkmeeder;Caarker;5233446408034501;;
Merarkes;Mjolurakure;5247218991197535;;
Cryredark;Morcratron;5250473819566986;;
Cruclod;Drakarccred;5252893192191916;;
Reisorark;Cruurakes;5258545615145613;;
Jarslamares;Drakcloer;5266477810224106;;
Azaklorimed;Breslamarcred;5269291699241538;;
Mjolarkes;Zurircred;5275606831813000;;
Krzermur;Maraired;5283422328362809;;
Azurmeeure;Madarcmur;5285803686625894;;
Razercred;Cryredder;5322921759550368;;
Madzertron;Madmaracmed;5322935267747465;;
Mjolslamarder;Drakcresed;5328632065316404;;
Mrokcraer;Madcreser;5334927496034958;;
Reicresd;Ramider;5341156100921308;;
Mjolsord;Marurakes;5349893065540694;;
Caarked;Merairarc;5356691542159253;;
Drakmeetron;Breurakes;5371616190931898;;
Crymeeure;Reizered;5375504829976985;;
Raysored;Azurmaracd;5378622658983052;;
Merredark;Zedirmur;5383727147235102;;
Jarmies;Crosortron;5391458696329809;;
Marsalmared;Creosores;5396606478818042;;
Cromaraces;Zurmeeed;5399657422861636;;
Morirure;Crumurmed;5408829758675178;;
Zorkzered;Azakarkcred;5450487900648615;;
Crumurder;Zedlorider;5464233793082732;;
Drakaird;Camaracark;5472860322631012;;
Mormid;Mrokcloure;5474017908328771;;
Mrokclomur;Raymaracmed;5475464804578284;;
Zedcrescred;Mjolclotron;5480768510461549;;
Raysalmarmed;Azakmiricred;5481230173612515;;
Krclomur;Morairmed;5484490518560403;;
Zorkmeeder;Racreser;5489722756313862;;
Madcloed;Jarirer;5498536040202444;;
Mjolcresmur;Lukires;5500026434905647;;
Camurure;Reiuraked;5502640137652699;;
Azurmitron;Cruaires;5511742848038352;;
Marslamarzur;Jagzoirure;5515051807451105;;
Azakircred;Mjolredark;5518293826856278;;
Lukarced;Zedsalmarder;5518613082191723;;
Zurircred;Raymeeer;5519476581698183;;
Marzoirer;Cazoircred;5532330589970804;;
Mermaracer;Krzeres;5536115244243416;;
Zurmurarc;Drakcresed;5537939600094066;;
Drakmirid;Mermiriarc;5542955755371771;;
Cryredtron;Mroksalmarmed;5543174402067120;;
Drakarcure;Zurarczur;5550876696214244;;
Mormied;Zurmeed;5557038689448558;;
Azurired;Raycresure;5561060456153989;;
Reiarcarc;Caarkmur;5563728280243323;;
Creocloes;Madsalmarcred;5608879636112117;;
Mjolcrestron;Mermider;5620905525826529;;
Merzermed;Jagmider;5636635423586837;;
Raymeemed;Cryzertron;5656245854350516;;
Zorkmiriure;Zorksalmartron;5662261156647949;;
Zurslamarark;Crocracred;5673225349604885;;
Jagmiarc;Raymured;5674274959646387;;
Reicresark;Zedzerer;5683333583469772;;
Crysord;Crycraes;5693645810154810;;
Reizoirmur;Zorkmaracd;5700261694119566;;
Madzerure;Zorkmeeder;5707946544084156;;
Rayzerark;Azakmured;5716402142076337;;
Mormeezur;Azurired;5753424690926262;;
Azakzerark;Madredder;5757700356201565;;
Creoredzur;Cruclotron;5773711178677331;;
Merairarc;Caslamarder;5774717506154299;;
Croairzur;Drakloricred;5775123001366335;;
Morcrestron;Madzoirmed;5780208955381595;;
Morirder;Creocracred;5787718908456968;;
Creozermur;Lukaired;5801117257801536;;
Raclomur;Azakmitron;5815515254015187;;
Croslamarer;Zedmurd;5815936950706710;;
Zorkired;Crymiricred;5816110615356560;;
Mjolmitron;Raycloer;5818323878332174;;
Jagirark;Mararcer;5831689098527663;;
Cruslamard;Creomaracd;5867905639935311;;
Madcratron;Drakcloer;5869533043345886;;
Lukloricred;Madcresder;5874828017595330;;
Cazoirark;Caarker;5879331108458822;;
Merurakes;Zorkarkcred;5880287922125411;;
Jagarcarc;Cameetron;5885506470441918;;
Zedslamard;Cruairmur;5898896716320892;;
Madzoirtron;Mormurcred;5900571474879175;;
Morcramed;Camurcred;5907153208725127;;
Madzerd;Azurmeeure;5920026544023518;;
Croredzur;Jarurakcred;5928606298313936;;
Brecrescred;Zedzertron;5945903311292430;;
Azurslamarcred;Jagirark;5952859655018611;;
Azurirarc;Creocloder;5962318082247691;;
Lukmaraccred;Zorkmaracer;5967990331876011;;
Morclozur;Zurmied;5984447461938610;;
Lukmeecred;Cruslamarark;6012175908757033;;
Mjolirer;Zururakure;6024988949344298;;
Jagairmur;Krcresmed;6031242364757048;;
Lukarcd;Zorkarcd;6045094320409753;;
Merirer;Mormied;6049396944144212;;
Zorkirmed;Lukmaraced;6050359677990410;;
Morircred;Mrokcraark;6055983259857267;;
Morslamarure;Madmurmur;6059048379360991;;
Krmiritron;Mormiricred;6061247034844787;;
Mrokzerder;Zedredure;6066121956227132;;
Rayloriure;Madairer;6069206155254541;;
Jagcresed;Krmures;6075377321530854;;
Merlorizur;Zorkarktron;6089355401789777;;
Krmurer;Azakirer;6102376451944026;;
Caarkmur;Azurmurder;6141221750613063;;
Azakcloer;Cryarcd;6146258176051880;;
Reiclomur;Zedcloes;6155640745245057;;
Zursalmartron;Jarmaracmed;6157434290477943;;
Cryloritron;Lukclocred;6157748052105001;;
Marcresed;Zorkmaracmur;6160230254952588;;
Creourakmed;Madurakark;6164663516841474;;
Krmeeed;Cameemed;6171124234792126;;
Raycloed;Mroksalmarzur;6175459693541856;;
Reicracred;Creoarced;6182330294657957;;
Rasalmartron;Zedslamararc;6203997195520422;;
Rasord;Merarcder;6216216124934582;;
Reiclomur;Ramiark;6228882795873899;;
Cromiure;Merslamarmur;6239549574784454;;
Krmimed;Zurslamarder;6250925868807248;;
Mermid;Drakzered;6261604718906378;;
Bremimed;Racrader;6263166544528721;;
Jararkarc;Merird;6270653950410993;;
Madsalmartron;Merslamarer;6272106101236494;;
Mjolzoirder;Crymaracer;6315417019591707;;
Zorkzoirzur;Mrokmaracark;6334465927614856;;
Creosalmarark;Crozermed;6366797366826116;;
Zurcloder;Zorkurakmur;6369763912978920;;
Cryredure;Croarcder;6380173050933439;;
Zorkirzur;Drakurakder;6381954891020137;;
Bremurer;Marmures;6398647272381246;;
Madmeearc;Azursalmarer;6400750572541279;;
Zedarcarc;Drakairarc;6416560284445545;;
Croslamarmur;Mercloder;6419370800564236;;
Rayarced;Lukzoirure;6433464445897890;;
Raircred;Madsalmarmed;6434472870172279;;
Cruaird;Zorksalmard;6438238721760488;;
Jarired;Madairure;6455105518146230;;
Azakzoirtron;Zurmaracarc;6455893000484251;;
Azurcloure;Bremurmed;6482149115920748;;
Zurzoird;Rayarktron;6490473339654136;;
Mjolcloarc;Azurirzur;6515295863065258;;
Camirid;Mjolmurd;6516116837863745;;
Marmaractron;Mrokreder;6517517347047771;;
Mjolmiure;Mersorder;6517832595502637;;
Zorkarcer;Jagslamartron;6521515230157977;;
Azurcresure;Crumiried;6525795548640154;;
Mrokairtron;Breurakmur;6547971457142440;;
Zorklorid;Brearcarc;6557199148179269;;
Brecresmed;Zedcloed;6582550912943238;;
Zedcloer;Drakcreser;6588047011602018;;
Creomaracark;Mararkd;6615910103950835;;
Mormiarc;Marmirier;6620460234204897;;
Jagsord;Raylorider;6625108207009284;;
Madmurzur;Breredd;6640851541792437;;
Crylorimed;Rasalmarer;6647728459646636;;
Morairure;Creozerure;6662614563400994;;
Crumurmed;Merzerder;6663219481476402;;
Cryarcarc;Mrokmeeed;6666262363565220;;
Caloriark;Morzerure;6668748356193607;;
Merarkmed;Jagirzur;6671473559409092;;
Azakairmur;Camiritron;6672846496341157;;
Jagirure;Crymeeed;6678429465977702;;
Madsormed;Morsormed;6699140248533960;;
Creosorcred;Lukredmed;6706674950215080;;
Maraired;Lukcloure;6750624226144846;;
Mercratron;Camimur;6755205435683806;;
Drakairarc;Morairark;6759760497692658;;
Jagredtron;Zururakmur;6760750543231218;;
Morsord;Jarirark;6771741233806903;;
Cryredmed;Krredarc;6778545251835140;;
Cazerark;Zurmeeer;6787239395886417;;
Cruslamares;Lukmeeed;6799187224683034;;
Raycrestron;Cromies;6805726307408548;;
Madmiriure;Creocrazur;6811964817827384;;
Mrokirer;Drakarkmed;6814163881292039;;
Creosorure;Zorkcresark;6830145130492244;;
Rameetron;Mrokcrad;6831747856029352;;
Crucrader;Krzoird;6837390630193164;;
Cryredtron;Cacloder;6863038648330525;;
Croslamarmed;Cazoirmed;6875445795691213;;
Azurloriarc;Zurzermed;6877003511506989;;
Azurcresure;Zedarkark;6878612743648433;;
Merarcd;Crymirier;6880898512410731;;
Krmider;Jarzoirzur;6886911732789787;;
Creomimur;Zorksalmard;6903292306316221;;
Creosalmares;Bremeeure;6905613667322160;;
Cryclotron;Lukirure;6911688986891089;;
Jagmiried;Rayloriark;6937209384439411;;
Mrokmier;Lukarked;6943234453347042;;
Zedcloes;Luklorimed;6943366498747172;;
Crusalmarcred;Jagsalmarmed;6944715781731609;;
Marmeed;Creozoirer;6974430063118099;;
Camurzur;Croredarc;6979074390832606;;
Jarmurtron;Mjolirmed;6990599005257551;;
Mjolclozur;Zurmeeure;6993144608206604;;
Lukarkark;Jarcloed;6996618816121277;;
Brearkzur;Drakcresarc;7004518908896500;;
Drakmeemed;Cromeearc;7027060269896415;;
Jagcraes;Raloriure;7046648757450488;;
Drakredark;Drakcrescred;7049542545701982;;
Rareded;Mermeed;7051627855462225;;
Zedmirid;Cruclomur;7070071207264650;;
Mjolcresark;Morcresed;7070140081576042;;
Krredmur;Zurlorier;7080874951855592;;
Raarkmed;Jarcraes;7093058518545612;;
Cameetron;Brecrescred;7097189443948622;;
Jagmiarc;Marmiarc;7105102868740234;;
Breslamares;Azakmaracarc;7114906604424187;;
Zorkmider;Creoaires;7139330646166524;;
Zedarcer;Madarcark;7145487696380615;;
Luklories;Lukclod;7153161436038756;;
Reiredes;Krloriure;7156463470815722;;
Reicloark;Azaksalmarer;7166207119510356;;
Rayzeres;Creosalmarer;7173468978525367;;
Lukcresd;Marzoircred;7173984215440155;;
Krzoirark;Cryarcmed;7177337947845719;;
Madaired;Crocraark;7193475595868738;;
Marslamared;Crolorier;7216814845336451;;
Krarcer;Mroklorimed;7227557220702490;;
Morzerder;Azakurakzur;7260875616149365;;
Breslamard;Azursortron;7281631793661832;;
Marmier;Croslamarzur;7290150922502062;;
Krmier;Mormurder;7301485231002494;;
Cruredure;Madaires;7302573827635088;;
Morslamartron;Madarcer;7303301770600318;;
Azakairmed;Rayarced;7327781412917865;;
Croloritron;Camirizur;7353539501255755;;
Crocratron;Reisored;7353768971530557;;
Morurakmur;Zurarctron;7355970691125262;;
Azakredark;Rairmur;7363366681697749;;
Azurarkes;Azakslamarer;7368572056059415;;
Jagsormur;Azakzoirarc;7374859243608802;;
Draklorimur;Cacrescred;7397577414363786;;
Mrokircred;Azurzoirark;7418253312904683;;
Azakuraked;Lukcloark;7429307771947291;;
Zorkarccred;Zorkcloark;7430757515382245;;
Marirarc;Jarmid;7442703254619506;;
Azakzoirzur;Drakmirimur;7455270595285290;;
Madsalmarmur;Croirder;7465595574827797;;
Croloried;Jagmizur;7485164782918360;;
Lukredes;Jagzertron;7485455089589382;;
Zedcloed;Creouraktron;7491911717038174;;
Crysalmarark;Mormurder;7506697919609133;;
Mormiries;Cruarkd;7508356293316830;;
Ramaraces;Azurmimur;7508434195769959;;
Zorksalmard;Racresed;7512271823868092;;
Zurmeetron;Casorer;7516924375013031;;
Croslamared;Cacloarc;7528320942793898;;
Azurcraed;Creosored;7529709602344504;;
Reizerzur;Marmaraccred;7533820413070212;;
Croarces;Azaksorder;7549701716182301;;
Raredder;Croredure;7563808679804680;;
Madzoires;Zurcresarc;7567457119484462;;
Camirier;Reisalmarure;7585043705196749;;
Reizoird;Crycratron;7587234816399697;;
Zedcracred;Zedirtron;7587258682903060;;
Zedmeecred;Crozoirtron;7591885393930765;;
Jagslamared;Azakarcark;7647807337357724;;
Creosalmararc;Marmaracer;7651624877590109;;
Mjolmurmed;Mormeeure;7654455603699134;;
Morsormur;Cryslamarer;7671835039779599;;
Creoclomur;Morloriarc;7685086199351829;;
Cryzerer;Brearkmur;7692756937620593;;
Zurmirimed;Reiarkmed;7695320948967963;;
Lukmeeder;Cruarcd;7704276456653337;;
Merslamarzur;Azaksalmarcred;7715720381466523;;
Azakmurure;Racrestron;7718528707617855;;
Crucramur;Azurredmed;7737690879565911;;
Brecramur;Azurcloes;7741899203880342;;
Mjolurakmur;Drakcresder;7751500627238551;;
Calorimur;Reiloritron;7755120661748703;;
Maruraktron;Mermirimur;7755187947581246;;
Rayslamarmed;Marmaracer;7776749131085767;;
Cacramed;Raarcark;7792097936694461;;
Cromeeark;Rayarked;7806474497386613;;
Mrokarkzur;Krmured;7809529366016362;;
Lukuraked;Madslamarer;7823642396031738;;
Cryzoirder;Jararkzur;7830923492890713;;
Marmirimur;Marcrescred;7831688029334712;;
Crymier;Mjolcraark;7835266819036085;;
Rayclomed;Zorkarkmed;7838253313883852;;
Crucramed;Zedslamarder;7843782263063350;;
Marmiriarc;Bremaracmur;7845441697474638;;
Mrokmeed;Zorkslamartron;7846331336594217;;
Reimiarc;Reizoirer;7850208949812856;;
Jarmures;Morarcmur;7853849661108622;;
Raycloer;Zururakcred;7872270325622459;;
Reiarctron;Jagirark;7874463215766783;;
Caird;Zurzoirer;7876251912611602;;
Marcresark;Draksortron;7876518611151618;;
Lukmiritron;Breredes;7882936243768447;;
Zururakes;Zurcresmed;7901817777508533;;
Crymaracd;Racloure;7921260187853608;;
Zursorzur;Mjolmiarc;7927250064825201;;
Cryuraktron;Rasalmarcred;7943668422065321;;
Reiclozur;Mjolsalmarure;7949454760470778;;
Jagmaraczur;Azakmeees;7962013446373701;;
Madsormed;Crozoirder;7973508639201561;;
Croreder;Jagcloure;7979331244420665;;
Azurcrestron;Madmider;8001698094834208;;
Draksorarc;Zorksormur;8022287568244760;;
Zorkredzur;Reimid;8025854619332750;;
Bremaraccred;Jarmaracarc;8026891428949698;;
Mjolloriure;Lukcraarc;8027561354150112;;
Azurmurder;Zorkzoircred;8038093719215090;;
Jarcresder;Jagmiries;8042227042940771;;
Madird;Cruarker;8047129358956674;;
Bremier;Mrokarcmur;8054542458213333;;
Raymurmed;Azakzerarc;8077670145510413;;
Azakarkd;Jagmaracder;8080574492420453;;
Mroksalmarer;Krsalmared;8083106087641904;;
Zorkzerzur;Zorkurakmur;8084930170860130;;
Crozoirtron;Morurakzur;8085025611204235;;
Marmiriark;Caurakarc;8086601106939494;;
Lukslamarer;Crosord;8095318739401131;;
Drakclomur;Marmirier;8099280628885307;;
Zedarccred;Azakcloes;8114581201923642;;
Calories;Morzeres;8120424590500199;;
Cacloark;Azurmurtron;8123812427237359;;
Creoreder;Zurarkcred;8135198250962623;;
Raycloark;Casormur;8140647582914222;;
Drakmirider;Crouraked;8141499645924273;;
Zorksorure;Crymirimur;8150076796752904;;
Azakired;Morsalmarzur;8166263692954135;;
Krcraer;Azurarces;8177741418039135;;
Zursorzur;Lukarcer;8191822417353143;;
Jaguraktron;Azakredmed;8208297767589096;;
Morcloure;Rayzoirmed;8210615601699176;;
Jarirer;Camaracmed;8230885700846655;;
Casalmararc;Lukmured;8236376306036166;;
Zedurakarc;Crymeees;8238467984414480;;
Drakmeetron;Raysorzur;8248517287582797;;
Cryzoirmed;Raloriark;8265068375388833;;
Zedzoired;Rayarcer;8272363812670822;;
Madmaraczur;Marslamarure;8274605429444214;;
Bremaracer;Zorkredzur;8280820341417283;;
Cryzermed;Zorkredcred;8280921422312374;;
Azurarkark;Luksalmarder;8286299509703813;;
Rasores;Mormaracder;8300469348927150;;
Bresalmard;Zurcresure;8300749458482191;;
Crumaracmed;Cromimed;8307418004970537;;
Mersorure;Mjolmiritron;8310525844587555;;
Mormeees;Merarkd;8334330739722209;;
Creoclocred;Reilorier;8345874300401741;;
Cryzoirark;Ramiure;8369437212331363;;
Zurslamarmed;Zedredzur;8388625093025944;;
Zurlorimur;Marmeeed;8394147727485135;;
Reiarktron;Cazerzur;8394690495234031;;
Razoirark;Crocresarc;8394899245656954;;
Luksalmararc;Reisalmared;8400201773894377;;
Marmurder;Krsorcred;8404676055865263;;
Cruzoirark;Marmaracder;8409027349122694;;
Jarredder;Jarsalmarark;8409516355682378;;
Madzoired;Croredmur;8432790740154527;;
Mrokclomed;Jagmirimur;8441670296753137;;
Zurarked;Crysorer;8447635793278283;;
Raymimed;Morarkark;8450196659574605;;
Azurmeed;Raloriure;8452008564654758;;
Raymurure;Zorkarkd;8461702046642428;;
Mjolzerarc;Mrokredcred;8498362217367431;;
Lukzertron;Krloriarc;8499374197510686;;
Mrokmirimur;Jarloriark;8515758296723264;;
Drakmies;Azurredure;8525625779252981;;
Raymaracer;Krmaraccred;8534431940916170;;
Zedredtron;Lukirder;8534483293591778;;
Krurakure;Mjolmured;8539108130490893;;
Mroklorimed;Merredd;8542095857614144;;
Jarsalmarark;Cruclod;8543013090074608;;
Creocraes;Mjolirmed;8557670198131598;;
Zurcreser;Drakclomur;8583498879750220;;
Merarktron;Madzoircred;8586716075775719;;
Marclotron;Cairmed;8606676643212665;;
Azurmurd;Rayirark;8635542500600142;;
Mroksalmarark;Drakcloder;8641328001924555;;
Bremirimur;Krsorder;8657902869086821;;
Cruslamarder;Azakslamarcred;8658546486040979;;
Mrokcresder;Raymurer;8664664935268592;;
Mjolarcarc;Krredark;8678180914704076;;
Mjolmimed;Rayuraker;8680301135922072;;
Zedirder;Reisalmares;8687785990789818;;
Mrokmaracer;Rayslamares;8691173865454069;;
Jarmeearc;Mrokmurzur;8691554416138385;;
Zedarcer;Razerer;8706904948218102;;
Crysalmarmur;Azurzerder;8714692743604037;;
Breairzur;Merzerd;8718588558007857;;
Mrokcreses;Cazertron;8730285023844018;;
Lukurakark;Crosalmarer;8730714633365215;;
Krcrazur;Jarclod;8731497347623854;;
Caarked;Crymiritron;8752870423924715;;
Drakuraked;Mararktron;8762652632174951;;
Lukmeemed;Zorkmirimed;8781291948594540;;
Jarzoirmed;Jagsormed;8786125381453239;;
Krsalmarmur;Zurmeearc;8788040592632754;;
Mrokmurark;Cruarcder;8794928158213353;;
Rayairder;Rayzoirmur;8802226985774547;;
Mjolmurd;Rairzur;8806693676172033;;
Lukzoires;Madurakder;8817049117553472;;
Madreder;Marlories;8820605902059990;;
Raaircred;Morzoirark;8823849315889982;;
Zursalmarure;Lukirzur;8827490393041848;;
Marairmur;Merlorimed;8846264421540684;;
Zurairure;Azurlorimed;8846714451694546;;
Lukslamared;Crolorid;8851893563561472;;
Zurarcmur;Azakcreszur;8858770633555806;;
Mjolmider;Drakcloder;8859560891535370;;
Marredder;Jaguraker;8879999186310633;;
Azaksorder;Rairer;8901287845099218;;
Rayurakmed;Zedslamarcred;8905613039939846;;
Drakmizur;Krredzur;8906355974324021;;
Croircred;Jagarced;8908711551346006;;
Mrokarkark;Ramiark;8922984259610686;;
Mrokzermed;Cromurzur;8934587885238092;;
Jarcraes;Marsalmarmed;8938632191522288;;
Azakcraes;Mermaracmur;8963207592865251;;
Zurmeecred;Raymaraces;8976666143575257;;
Mrokclomed;Lukarked;8977299605567759;;
Lukarktron;Brecracred;8982285920430589;;
Zurmurer;Luksorder;8991883491129075;;
Cryarces;Mrokirmed;8992405765258670;;
Jagarked;Raycloes;8993140945728825;;
Morarkder;Creosorder;8999436185243426;;
Crumier;Mrokmaracer;9000504334475818;;
Jagarkure;Creoclotron;9026154653300544;;
Mrokzoirmed;Azaksalmarark;9033028619242424;;
Madmirid;Reiurakder;9079519412915402;;
Cairmur;Krmirider;9088052797558660;;
Morslamarcred;Lukarced;9088868860282250;;
Zedairmed;Madslamarark;9093659077802962;;
Mersalmarer;Creozerarc;9102072916552146;;
Breslamarmur;Raymeees;9115569334889496;;
Mjolslamard;Jarcraarc;9163855326208814;;
Reimiries;Mermurer;9165040415797370;;
Morsalmarure;Mrokaircred;9204401428127016;;
Mersord;Reimaracd;9209757817332656;;
Casored;Reislamarzur;9213147485155496;;
Brearkure;Zedmirimed;9215133692028678;;
Merarkes;Caredark;9223189904506062;;
Croires;Krarcer;9227156196317232;;
Marzoirmed;Mormaracd;9246573350426856;;
Merredder;Cryurakd;9248705786525290;;
Creoslamarzur;Creocrestron;9250700755962066;;
Rayzoird;Mjolcraed;9257227588525706;;
Azakcramed;Cromied;9270749041895162;;
Azurmurer;Azursorure;9284366794925254;;
Meruraked;Madairark;9299988947734294;;
Zorkslamararc;Mermures;9326796644961728;;
Creosalmarmed;Mjolslamarmed;9332370368091804;;
Cromier;Creomures;9332989215477500;;
Madlorizur;Brecloed;9338800149666210;;
Jagarccred;Cruslamard;9340332270095560;;
Creomaracd;Zedurakd;9346701100570676;;
Mararcer;Zorkcraure;9357171294392738;;
Jarcraed;Mroksorark;9368125283221852;;
Reimaraczur;Cruarcarc;9370250697914828;;
Marcloer;Mjolarctron;9372287476396604;;
Mjolired;Cryslamares;9373843693836180;;
Morslamared;Cromurarc;9387749017863344;;
Azaksortron;Morzeres;9416513967795236;;
Rayzoires;Zorkcratron;9419264263444894;;
Zurlorider;Marslamarark;9420587650058284;;
Racresed;Cruslamarder;9424143228119788;;
Jagsalmares;Jagcrazur;9432478218911348;;
Merairmur;Reiircred;9438937931207804;;
Cromiries;Cruurakarc;9440574529177352;;
Zorksorark;Azakzertron;9445665400283910;;
Madcrescred;Zedaired;9448675334238126;;
Lukcresure;Marzerzur;9451048902058370;;
Crumiriarc;Crycresure;9453463032038658;;
Crozoirark;Zurzoirmur;9461239556545284;;
Marmaracure;Mrokzerer;9464444854249750;;
Jarsalmard;Creoarkark;9467305270685558;;
Raloriark;Zurmimur;9469244021120208;;
Zedzerark;Lukclotron;9472835869283536;;
Mjolsormur;Reiredure;9473854958391460;;
Krredcred;Azaksalmarer;9476788935760536;;
Jagslamared;Zedsalmarmur;9482229557556382;;
Azakredmed;Bremid;9484030133837488;;
Krmies;Krarker;9488763570808478;;
Lukmied;Croslamarmur;9497428182249810;;
Lukzoircred;Krcloder;9499632857342840;;
Raymaracark;Jagcratron;9514211027354686;;
Cryarcder;Zorkmurmur;9530092369131288;;
Merslamarmur;Zedmeeder;9536928735713582;;
Krzeres;Raloritron;9539516341712582;;
Zurreded;Merzerure;9544026921910746;;
Crysalmarure;Crozoirmur;9546676907796820;;
Zedlorimed;Drakzoirmed;9549956796386954;;
Lukaird;Jagsorder;9555362258733810;;
Merurakzur;Cromaraczur;9571549261752644;;
Mrokarked;Mrokmied;9581437238925290;;
Croclomur;Azakmeetron;9581463249842984;;
Madmirimed;Zurircred;9591159474270740;;
Morirure;Calorier;9599398358057904;;
Raycresark;Morzerd;9601742422436408;;
Mjolredmed;Cruslamarark;9615396549209630;;
Merzoirmed;Azurired;9621026353013642;;
Zorkloricred;Caarcmed;9624616866189954;;
Azakzercred;Madsorarc;9661641789287322;;
Madcrader;Mrokmaracark;9670580514064506;;
Azurarccred;Azakirder;9677937896289896;;
Mrokmiried;Jararcark;9699678655978254;;
Mjoluraked;Zorkarcark;9704197874250074;;
Rasormur;Reiurakder;9708426097626856;;
Camaracarc;Lukslamares;9712257922211372;;
Zorkcloed;Madcraark;9713898548399438;;
Jararccred;Drakslamararc;9715106466218484;;
Mrokairzur;Azurzoired;9717722297768280;;
Zurcreser;Drakredark;9722158284326296;;
Crumaracmur;Merarked;9727467048058274;;
Zurmaractron;Jarcloure;9727999786038352;;
Cazoird;Breclod;9731811627277422;;
Calorid;Caired;9752795514573198;;
Jarcraure;Zedreder;9757287265607550;;
Azurarker;Maduraktron;9758308263032468;;
Crozerder;Zedmaracd;9780594324711114;;
Reisord;Crymaracder;9811264900399806;;
Jarmiriure;Madloriark;9835475307779366;;
Cromurmur;Jarmaraces;9836310818087000;;
Jagarced;Jagmaracmur;9839628540565334;;
Azakcresark;Krcrazur;9842647887385232;;
Zorkredmur;Cromured;9843708794588586;;
Zorkarkcred;Marredure;9844124924920118;;
Marzerder;Croslamarzur;9883130338048940;;
Cruloriark;Mjolairzur;9893951604385324;;
Marurakcred;Brecraes;9900088432365056;;
Brearccred;Marcraes;9923934347444404;;
Mrokzeres;Reimeetron;9942335641244496;;
Raycresd;Morzoirtron;9949834471180912;;
Jarredcred;Zurcreszur;9968546890691374;;
Zorkarked;Cryzerzur;9972947308396796;;
Zorksord;Caarkzur;9988438004156952;;
Azurcraed;Azakarcarc;9990156810079496;;
